DATAFLOW,LAST UPDATE,freq,unit,age,sex,geo,TIME_PERIOD,OBS_VALUE,OBS_FLAG,CONF_STATUS
ESTAT:DEMO_PJAN(1.0),23/07/25 23:00:00,Annual,Number,Total,Females,Andorra,2019,37388,,
ESTAT:DEMO_PJAN(1.0),23/07/25 23:00:00,Annual,Number,Total,Females,Albania,2014,1430827,,
ESTAT:DEMO_PJAN(1.0),23/07/25 23:00:00,Annual,Number,Total,Females,Albania,2015,1424597,,
ESTAT:DEMO_PJAN(1.0),23/07/25 23:00:00,Annual,Number,Total,Females,Albania,2016,1417141,,
ESTAT:DEMO_PJAN(1.0),23/07/25 23:00:00,Annual,Number,Total,Females,Albania,2017,1423050,,
ESTAT:DEMO_PJAN(1.0),23/07/25 23:00:00,Annual,Number,Total,Females,Albania,2018,1431715,,
ESTAT:DEMO_PJAN(1.0),23/07/25 23:00:00,Annual,Number,Total,Females,Albania,2019,1432833,,
ESTAT:DEMO_PJAN(1.0),23/07/25 23:00:00,Annual,Number,Total,Females,Albania,2020,1425342,,
ESTAT:DEMO_PJAN(1.0),23/07/25 23:00:00,Annual,Number,Total,Females,Albania,2021,1419759,,
ESTAT:DEMO_PJAN(1.0),23/07/25 23:00:00,Annual,Number,Total,Females,Albania,2022,1406532,,
ESTAT:DEMO_PJAN(1.0),23/07/25 23:00:00,Annual,Number,Total,Females,Albania,2023,1394864,,
ESTAT:DEMO_PJAN(1.0),23/07/25 23:00:00,Annual,Number,Total,Females,Armenia,2015,1571450,,
ESTAT:DEMO_PJAN(1.0),23/07/25 23:00:00,Annual,Number,Total,Females,Armenia,2016,1569535,,
ESTAT:DEMO_PJAN(1.0),23/07/25 23:00:00,Annual,Number,Total,Females,Armenia,2017,1567380,,
ESTAT:DEMO_PJAN(1.0),23/07/25 23:00:00,Annual,Number,Total,Females,Armenia,2018,1564533,,
ESTAT:DEMO_PJAN(1.0),23/07/25 23:00:00,Annual,Number,Total,Females,Armenia,2019,1563538,,
ESTAT:DEMO_PJAN(1.0),23/07/25 23:00:00,Annual,Number,Total,Females,Armenia,2020,1562689,,
ESTAT:DEMO_PJAN(1.0),23/07/25 23:00:00,Annual,Number,Total,Females,Armenia,2021,1565144,,
ESTAT:DEMO_PJAN(1.0),23/07/25 23:00:00,Annual,Number,Total,Females,Armenia,2023,1571757,,
ESTAT:DEMO_PJAN(1.0),23/07/25 23:00:00,Annual,Number,Total,Females,Armenia,2024,1577675,,
ESTAT:DEMO_PJAN(1.0),23/07/25 23:00:00,Annual,Number,Total,Females,Austria,2014,4352447,,
ESTAT:DEMO_PJAN(1.0),23/07/25 23:00:00,Annual,Number,Total,Females,Austria,2015,4384529,,
ESTAT:DEMO_PJAN(1.0),23/07/25 23:00:00,Annual,Number,Total,Females,Austria,2016,4427918,,
ESTAT:DEMO_PJAN(1.0),23/07/25 23:00:00,Annual,Number,Total,Females,Austria,2017,4460424,,
ESTAT:DEMO_PJAN(1.0),23/07/25 23:00:00,Annual,Number,Total,Females,Austria,2018,4483749,,
ESTAT:DEMO_PJAN(1.0),23/07/25 23:00:00,Annual,Number,Total,Females,Austria,2019,4501742,,
ESTAT:DEMO_PJAN(1.0),23/07/25 23:00:00,Annual,Number,Total,Females,Austria,2020,4522292,,
ESTAT:DEMO_PJAN(1.0),23/07/25 23:00:00,Annual,Number,Total,Females,Austria,2021,4535712,,
ESTAT:DEMO_PJAN(1.0),23/07/25 23:00:00,Annual,Number,Total,Females,Austria,2022,4553444,,
ESTAT:DEMO_PJAN(1.0),23/07/25 23:00:00,Annual,Number,Total,Females,Austria,2023,4619957,,
ESTAT:DEMO_PJAN(1.0),23/07/25 23:00:00,Annual,Number,Total,Females,Austria,2024,4643918,,
ESTAT:DEMO_PJAN(1.0),23/07/25 23:00:00,Annual,Number,Total,Females,Azerbaijan,2014,4763571,,
ESTAT:DEMO_PJAN(1.0),23/07/25 23:00:00,Annual,Number,Total,Females,Azerbaijan,2015,4817181,,
ESTAT:DEMO_PJAN(1.0),23/07/25 23:00:00,Annual,Number,Total,Females,Azerbaijan,2016,4870002,,
ESTAT:DEMO_PJAN(1.0),23/07/25 23:00:00,Annual,Number,Total,Females,Azerbaijan,2017,4918771,,
ESTAT:DEMO_PJAN(1.0),23/07/25 23:00:00,Annual,Number,Total,Females,Azerbaijan,2018,4960058,,
ESTAT:DEMO_PJAN(1.0),23/07/25 23:00:00,Annual,Number,Total,Females,Azerbaijan,2019,4999053,,
ESTAT:DEMO_PJAN(1.0),23/07/25 23:00:00,Annual,Number,Total,Females,Azerbaijan,2020,5039100,,
ESTAT:DEMO_PJAN(1.0),23/07/25 23:00:00,Annual,Number,Total,Females,Azerbaijan,2021,5065288,,
ESTAT:DEMO_PJAN(1.0),23/07/25 23:00:00,Annual,Number,Total,Females,Azerbaijan,2022,5081846,,
ESTAT:DEMO_PJAN(1.0),23/07/25 23:00:00,Annual,Number,Total,Females,Azerbaijan,2023,5087516,,
ESTAT:DEMO_PJAN(1.0),23/07/25 23:00:00,Annual,Number,Total,Females,Azerbaijan,2024,5113564,,
ESTAT:DEMO_PJAN(1.0),23/07/25 23:00:00,Annual,Number,Total,Females,Belgium,2014,5687048,,
ESTAT:DEMO_PJAN(1.0),23/07/25 23:00:00,Annual,Number,Total,Females,Belgium,2015,5713206,,
ESTAT:DEMO_PJAN(1.0),23/07/25 23:00:00,Annual,Number,Total,Females,Belgium,2016,5741853,,
ESTAT:DEMO_PJAN(1.0),23/07/25 23:00:00,Annual,Number,Total,Females,Belgium,2017,5762455,,
ESTAT:DEMO_PJAN(1.0),23/07/25 23:00:00,Annual,Number,Total,Females,Belgium,2018,5784371,,
ESTAT:DEMO_PJAN(1.0),23/07/25 23:00:00,Annual,Number,Total,Females,Belgium,2019,5810693,,
ESTAT:DEMO_PJAN(1.0),23/07/25 23:00:00,Annual,Number,Total,Females,Belgium,2020,5841215,,
ESTAT:DEMO_PJAN(1.0),23/07/25 23:00:00,Annual,Number,Total,Females,Belgium,2021,5854293,,
ESTAT:DEMO_PJAN(1.0),23/07/25 23:00:00,Annual,Number,Total,Females,Belgium,2022,5883978,,
ESTAT:DEMO_PJAN(1.0),23/07/25 23:00:00,Annual,Number,Total,Females,Belgium,2023,5946649,,
ESTAT:DEMO_PJAN(1.0),23/07/25 23:00:00,Annual,Number,Total,Females,Belgium,2024,5981093,,
ESTAT:DEMO_PJAN(1.0),23/07/25 23:00:00,Annual,Number,Total,Females,Bulgaria,2014,3662824,,
ESTAT:DEMO_PJAN(1.0),23/07/25 23:00:00,Annual,Number,Total,Females,Bulgaria,2015,3621883,,
ESTAT:DEMO_PJAN(1.0),23/07/25 23:00:00,Annual,Number,Total,Females,Bulgaria,2016,3578998,,
ESTAT:DEMO_PJAN(1.0),23/07/25 23:00:00,Annual,Number,Total,Females,Bulgaria,2017,3537549,,
ESTAT:DEMO_PJAN(1.0),23/07/25 23:00:00,Annual,Number,Total,Females,Bulgaria,2018,3494184,,
ESTAT:DEMO_PJAN(1.0),23/07/25 23:00:00,Annual,Number,Total,Females,Bulgaria,2019,3450251,,
ESTAT:DEMO_PJAN(1.0),23/07/25 23:00:00,Annual,Number,Total,Females,Bulgaria,2020,3405861,,
ESTAT:DEMO_PJAN(1.0),23/07/25 23:00:00,Annual,Number,Total,Females,Bulgaria,2021,3389807,,
ESTAT:DEMO_PJAN(1.0),23/07/25 23:00:00,Annual,Number,Total,Females,Bulgaria,2022,3364303,,
ESTAT:DEMO_PJAN(1.0),23/07/25 23:00:00,Annual,Number,Total,Females,Bulgaria,2023,3348207,,
ESTAT:DEMO_PJAN(1.0),23/07/25 23:00:00,Annual,Number,Total,Females,Bulgaria,2024,3347783,,
ESTAT:DEMO_PJAN(1.0),23/07/25 23:00:00,Annual,Number,Total,Females,Belarus,2014,5066943,,
ESTAT:DEMO_PJAN(1.0),23/07/25 23:00:00,Annual,Number,Total,Females,Belarus,2015,5071671,,
ESTAT:DEMO_PJAN(1.0),23/07/25 23:00:00,Annual,Number,Total,Females,Belarus,2016,5077522,,
ESTAT:DEMO_PJAN(1.0),23/07/25 23:00:00,Annual,Number,Total,Females,Belarus,2017,5078185,,
ESTAT:DEMO_PJAN(1.0),23/07/25 23:00:00,Annual,Number,Total,Females,Belarus,2018,5070289,,
ESTAT:DEMO_PJAN(1.0),23/07/25 23:00:00,Annual,Number,Total,Females,Belarus,2019,5059429,,
ESTAT:DEMO_PJAN(1.0),23/07/25 23:00:00,Annual,Number,Total,Females,Switzerland,2014,4117540,,
ESTAT:DEMO_PJAN(1.0),23/07/25 23:00:00,Annual,Number,Total,Females,Switzerland,2015,4163786,,
ESTAT:DEMO_PJAN(1.0),23/07/25 23:00:00,Annual,Number,Total,Females,Switzerland,2016,4205655,,
ESTAT:DEMO_PJAN(1.0),23/07/25 23:00:00,Annual,Number,Total,Females,Switzerland,2017,4246113,,
ESTAT:DEMO_PJAN(1.0),23/07/25 23:00:00,Annual,Number,Total,Females,Switzerland,2018,4277696,,
ESTAT:DEMO_PJAN(1.0),23/07/25 23:00:00,Annual,Number,Total,Females,Switzerland,2019,4307406,,
ESTAT:DEMO_PJAN(1.0),23/07/25 23:00:00,Annual,Number,Total,Females,Switzerland,2020,4337170,,
ESTAT:DEMO_PJAN(1.0),23/07/25 23:00:00,Annual,Number,Total,Females,Switzerland,2021,4367701,,
ESTAT:DEMO_PJAN(1.0),23/07/25 23:00:00,Annual,Number,Total,Females,Switzerland,2022,4400588,,
ESTAT:DEMO_PJAN(1.0),23/07/25 23:00:00,Annual,Number,Total,Females,Switzerland,2023,4435432,,
ESTAT:DEMO_PJAN(1.0),23/07/25 23:00:00,Annual,Number,Total,Females,Switzerland,2024,4510726,,
ESTAT:DEMO_PJAN(1.0),23/07/25 23:00:00,Annual,Number,Total,Females,Cyprus,2014,441537,,
ESTAT:DEMO_PJAN(1.0),23/07/25 23:00:00,Annual,Number,Total,Females,Cyprus,2015,441559,,
ESTAT:DEMO_PJAN(1.0),23/07/25 23:00:00,Annual,Number,Total,Females,Cyprus,2016,442623,,
ESTAT:DEMO_PJAN(1.0),23/07/25 23:00:00,Annual,Number,Total,Females,Cyprus,2017,445880,,
ESTAT:DEMO_PJAN(1.0),23/07/25 23:00:00,Annual,Number,Total,Females,Cyprus,2018,450423,,
ESTAT:DEMO_PJAN(1.0),23/07/25 23:00:00,Annual,Number,Total,Females,Cyprus,2019,455583,,
ESTAT:DEMO_PJAN(1.0),23/07/25 23:00:00,Annual,Number,Total,Females,Cyprus,2020,459191,,
ESTAT:DEMO_PJAN(1.0),23/07/25 23:00:00,Annual,Number,Total,Females,Cyprus,2021,466924,,
ESTAT:DEMO_PJAN(1.0),23/07/25 23:00:00,Annual,Number,Total,Females,Cyprus,2022,476513,,
ESTAT:DEMO_PJAN(1.0),23/07/25 23:00:00,Annual,Number,Total,Females,Cyprus,2023,483955,,
ESTAT:DEMO_PJAN(1.0),23/07/25 23:00:00,Annual,Number,Total,Females,Cyprus,2024,490771,,
ESTAT:DEMO_PJAN(1.0),23/07/25 23:00:00,Annual,Number,Total,Females,Czechia,2014,5350039,,
ESTAT:DEMO_PJAN(1.0),23/07/25 23:00:00,Annual,Number,Total,Females,Czechia,2015,5361348,,
ESTAT:DEMO_PJAN(1.0),23/07/25 23:00:00,Annual,Number,Total,Females,Czechia,2016,5367513,,
ESTAT:DEMO_PJAN(1.0),23/07/25 23:00:00,Annual,Number,Total,Females,Czechia,2017,5378133,,
ESTAT:DEMO_PJAN(1.0),23/07/25 23:00:00,Annual,Number,Total,Females,Czechia,2018,5390264,,
ESTAT:DEMO_PJAN(1.0),23/07/25 23:00:00,Annual,Number,Total,Females,Czechia,2019,5405606,,
ESTAT:DEMO_PJAN(1.0),23/07/25 23:00:00,Annual,Number,Total,Females,Czechia,2020,5421943,,
ESTAT:DEMO_PJAN(1.0),23/07/25 23:00:00,Annual,Number,Total,Females,Czechia,2021,5323934,b,
ESTAT:DEMO_PJAN(1.0),23/07/25 23:00:00,Annual,Number,Total,Females,Czechia,2022,5332932,,
ESTAT:DEMO_PJAN(1.0),23/07/25 23:00:00,Annual,Number,Total,Females,Czechia,2023,5519006,,
ESTAT:DEMO_PJAN(1.0),23/07/25 23:00:00,Annual,Number,Total,Females,Czechia,2024,5557945,,
ESTAT:DEMO_PJAN(1.0),23/07/25 23:00:00,Annual,Number,Total,Females,Germany,2014,41210540,,
ESTAT:DEMO_PJAN(1.0),23/07/25 23:00:00,Annual,Number,Total,Females,Germany,2015,41362080,,
ESTAT:DEMO_PJAN(1.0),23/07/25 23:00:00,Annual,Number,Total,Females,Germany,2016,41661561,,
ESTAT:DEMO_PJAN(1.0),23/07/25 23:00:00,Annual,Number,Total,Females,Germany,2017,41824535,,
ESTAT:DEMO_PJAN(1.0),23/07/25 23:00:00,Annual,Number,Total,Females,Germany,2018,41948786,,
ESTAT:DEMO_PJAN(1.0),23/07/25 23:00:00,Annual,Number,Total,Females,Germany,2019,42052522,,
ESTAT:DEMO_PJAN(1.0),23/07/25 23:00:00,Annual,Number,Total,Females,Germany,2020,42129098,,
ESTAT:DEMO_PJAN(1.0),23/07/25 23:00:00,Annual,Number,Total,Females,Germany,2021,42128512,,
ESTAT:DEMO_PJAN(1.0),23/07/25 23:00:00,Annual,Number,Total,Females,Germany,2022,42170339,,
ESTAT:DEMO_PJAN(1.0),23/07/25 23:00:00,Annual,Number,Total,Females,Germany,2023,42198796,b,
ESTAT:DEMO_PJAN(1.0),23/07/25 23:00:00,Annual,Number,Total,Females,Germany,2024,42294114,,
ESTAT:DEMO_PJAN(1.0),23/07/25 23:00:00,Annual,Number,Total,Females,Germany including former GDR,2014,41210540,,
ESTAT:DEMO_PJAN(1.0),23/07/25 23:00:00,Annual,Number,Total,Females,Germany including former GDR,2015,41362080,,
ESTAT:DEMO_PJAN(1.0),23/07/25 23:00:00,Annual,Number,Total,Females,Germany including former GDR,2016,41661561,,
ESTAT:DEMO_PJAN(1.0),23/07/25 23:00:00,Annual,Number,Total,Females,Germany including former GDR,2017,41824535,,
ESTAT:DEMO_PJAN(1.0),23/07/25 23:00:00,Annual,Number,Total,Females,Germany including former GDR,2018,41948786,,
ESTAT:DEMO_PJAN(1.0),23/07/25 23:00:00,Annual,Number,Total,Females,Germany including former GDR,2019,42052522,,
ESTAT:DEMO_PJAN(1.0),23/07/25 23:00:00,Annual,Number,Total,Females,Germany including former GDR,2020,42129098,,
ESTAT:DEMO_PJAN(1.0),23/07/25 23:00:00,Annual,Number,Total,Females,Germany including former GDR,2021,42128512,,
ESTAT:DEMO_PJAN(1.0),23/07/25 23:00:00,Annual,Number,Total,Females,Germany including former GDR,2022,42170339,,
ESTAT:DEMO_PJAN(1.0),23/07/25 23:00:00,Annual,Number,Total,Females,Germany including former GDR,2023,42198796,b,
ESTAT:DEMO_PJAN(1.0),23/07/25 23:00:00,Annual,Number,Total,Females,Germany including former GDR,2024,42294114,,
ESTAT:DEMO_PJAN(1.0),23/07/25 23:00:00,Annual,Number,Total,Females,Denmark,2014,2834956,,
ESTAT:DEMO_PJAN(1.0),23/07/25 23:00:00,Annual,Number,Total,Females,Denmark,2015,2848701,,
ESTAT:DEMO_PJAN(1.0),23/07/25 23:00:00,Annual,Number,Total,Females,Denmark,2016,2869364,,
ESTAT:DEMO_PJAN(1.0),23/07/25 23:00:00,Annual,Number,Total,Females,Denmark,2017,2888591,,
ESTAT:DEMO_PJAN(1.0),23/07/25 23:00:00,Annual,Number,Total,Females,Denmark,2018,2904717,,
ESTAT:DEMO_PJAN(1.0),23/07/25 23:00:00,Annual,Number,Total,Females,Denmark,2019,2917008,,
ESTAT:DEMO_PJAN(1.0),23/07/25 23:00:00,Annual,Number,Total,Females,Denmark,2020,2925845,,
ESTAT:DEMO_PJAN(1.0),23/07/25 23:00:00,Annual,Number,Total,Females,Denmark,2021,2935188,,
ESTAT:DEMO_PJAN(1.0),23/07/25 23:00:00,Annual,Number,Total,Females,Denmark,2022,2950505,,
ESTAT:DEMO_PJAN(1.0),23/07/25 23:00:00,Annual,Number,Total,Females,Denmark,2023,2983655,,
ESTAT:DEMO_PJAN(1.0),23/07/25 23:00:00,Annual,Number,Total,Females,Denmark,2024,2997558,,
ESTAT:DEMO_PJAN(1.0),23/07/25 23:00:00,Annual,Number,Total,Females,Estonia,2014,700900,,
ESTAT:DEMO_PJAN(1.0),23/07/25 23:00:00,Annual,Number,Total,Females,Estonia,2015,700166,b,
ESTAT:DEMO_PJAN(1.0),23/07/25 23:00:00,Annual,Number,Total,Females,Estonia,2016,699236,,
ESTAT:DEMO_PJAN(1.0),23/07/25 23:00:00,Annual,Number,Total,Females,Estonia,2017,698097,,
ESTAT:DEMO_PJAN(1.0),23/07/25 23:00:00,Annual,Number,Total,Females,Estonia,2018,698049,,
ESTAT:DEMO_PJAN(1.0),23/07/25 23:00:00,Annual,Number,Total,Females,Estonia,2019,699185,,
ESTAT:DEMO_PJAN(1.0),23/07/25 23:00:00,Annual,Number,Total,Females,Estonia,2020,699699,,
ESTAT:DEMO_PJAN(1.0),23/07/25 23:00:00,Annual,Number,Total,Females,Estonia,2021,699153,,
ESTAT:DEMO_PJAN(1.0),23/07/25 23:00:00,Annual,Number,Total,Females,Estonia,2022,698381,,
ESTAT:DEMO_PJAN(1.0),23/07/25 23:00:00,Annual,Number,Total,Females,Estonia,2023,718518,,
ESTAT:DEMO_PJAN(1.0),23/07/25 23:00:00,Annual,Number,Total,Females,Estonia,2024,723074,,
ESTAT:DEMO_PJAN(1.0),23/07/25 23:00:00,Annual,Number,Total,Females,Greece,2014,5613568,,
ESTAT:DEMO_PJAN(1.0),23/07/25 23:00:00,Annual,Number,Total,Females,Greece,2015,5589628,,
ESTAT:DEMO_PJAN(1.0),23/07/25 23:00:00,Annual,Number,Total,Females,Greece,2016,5559538,,
ESTAT:DEMO_PJAN(1.0),23/07/25 23:00:00,Annual,Number,Total,Females,Greece,2017,5546916,,
ESTAT:DEMO_PJAN(1.0),23/07/25 23:00:00,Annual,Number,Total,Females,Greece,2018,5531125,,
ESTAT:DEMO_PJAN(1.0),23/07/25 23:00:00,Annual,Number,Total,Females,Greece,2019,5516306,,
ESTAT:DEMO_PJAN(1.0),23/07/25 23:00:00,Annual,Number,Total,Females,Greece,2020,5503077,,
ESTAT:DEMO_PJAN(1.0),23/07/25 23:00:00,Annual,Number,Total,Females,Greece,2021,5482584,,
ESTAT:DEMO_PJAN(1.0),23/07/25 23:00:00,Annual,Number,Total,Females,Greece,2022,5345035,b,
ESTAT:DEMO_PJAN(1.0),23/07/25 23:00:00,Annual,Number,Total,Females,Greece,2023,5320643,,
ESTAT:DEMO_PJAN(1.0),23/07/25 23:00:00,Annual,Number,Total,Females,Greece,2024,5303827,,
ESTAT:DEMO_PJAN(1.0),23/07/25 23:00:00,Annual,Number,Total,Females,Spain,2014,23621034,,
ESTAT:DEMO_PJAN(1.0),23/07/25 23:00:00,Annual,Number,Total,Females,Spain,2015,23603001,,
ESTAT:DEMO_PJAN(1.0),23/07/25 23:00:00,Annual,Number,Total,Females,Spain,2016,23612439,,
ESTAT:DEMO_PJAN(1.0),23/07/25 23:00:00,Annual,Number,Total,Females,Spain,2017,23666286,,
ESTAT:DEMO_PJAN(1.0),23/07/25 23:00:00,Annual,Number,Total,Females,Spain,2018,23755470,,
ESTAT:DEMO_PJAN(1.0),23/07/25 23:00:00,Annual,Number,Total,Females,Spain,2019,23902168,,
ESTAT:DEMO_PJAN(1.0),23/07/25 23:00:00,Annual,Number,Total,Females,Spain,2020,24107382,,
ESTAT:DEMO_PJAN(1.0),23/07/25 23:00:00,Annual,Number,Total,Females,Spain,2021,24152187,,
ESTAT:DEMO_PJAN(1.0),23/07/25 23:00:00,Annual,Number,Total,Females,Spain,2022,24198046,,
ESTAT:DEMO_PJAN(1.0),23/07/25 23:00:00,Annual,Number,Total,Females,Spain,2023,24519768,,
ESTAT:DEMO_PJAN(1.0),23/07/25 23:00:00,Annual,Number,Total,Females,Spain,2024,24792824,,
ESTAT:DEMO_PJAN(1.0),23/07/25 23:00:00,Annual,Number,Total,Females,Finland,2014,2770906,,
ESTAT:DEMO_PJAN(1.0),23/07/25 23:00:00,Annual,Number,Total,Females,Finland,2015,2779890,,
ESTAT:DEMO_PJAN(1.0),23/07/25 23:00:00,Annual,Number,Total,Females,Finland,2016,2785818,,
ESTAT:DEMO_PJAN(1.0),23/07/25 23:00:00,Annual,Number,Total,Females,Finland,2017,2790970,,
ESTAT:DEMO_PJAN(1.0),23/07/25 23:00:00,Annual,Number,Total,Females,Finland,2018,2793999,,
ESTAT:DEMO_PJAN(1.0),23/07/25 23:00:00,Annual,Number,Total,Females,Finland,2019,2794629,,
ESTAT:DEMO_PJAN(1.0),23/07/25 23:00:00,Annual,Number,Total,Females,Finland,2020,2797030,,
ESTAT:DEMO_PJAN(1.0),23/07/25 23:00:00,Annual,Number,Total,Females,Finland,2021,2799985,,
ESTAT:DEMO_PJAN(1.0),23/07/25 23:00:00,Annual,Number,Total,Females,Finland,2022,2805140,,
ESTAT:DEMO_PJAN(1.0),23/07/25 23:00:00,Annual,Number,Total,Females,Finland,2023,2810493,,
ESTAT:DEMO_PJAN(1.0),23/07/25 23:00:00,Annual,Number,Total,Females,Finland,2024,2829953,,
ESTAT:DEMO_PJAN(1.0),23/07/25 23:00:00,Annual,Number,Total,Females,France,2014,34120851,b,
ESTAT:DEMO_PJAN(1.0),23/07/25 23:00:00,Annual,Number,Total,Females,France,2015,34283895,,
ESTAT:DEMO_PJAN(1.0),23/07/25 23:00:00,Annual,Number,Total,Females,France,2016,34391005,,
ESTAT:DEMO_PJAN(1.0),23/07/25 23:00:00,Annual,Number,Total,Females,France,2017,34495464,,
ESTAT:DEMO_PJAN(1.0),23/07/25 23:00:00,Annual,Number,Total,Females,France,2018,34611994,p,
ESTAT:DEMO_PJAN(1.0),23/07/25 23:00:00,Annual,Number,Total,Females,France,2019,34739132,,
ESTAT:DEMO_PJAN(1.0),23/07/25 23:00:00,Annual,Number,Total,Females,France,2020,34828670,,
ESTAT:DEMO_PJAN(1.0),23/07/25 23:00:00,Annual,Number,Total,Females,France,2021,34946473,,
ESTAT:DEMO_PJAN(1.0),23/07/25 23:00:00,Annual,Number,Total,Females,France,2022,35109077,,
ESTAT:DEMO_PJAN(1.0),23/07/25 23:00:00,Annual,Number,Total,Females,France,2023,35188809,p,
ESTAT:DEMO_PJAN(1.0),23/07/25 23:00:00,Annual,Number,Total,Females,France,2024,35271283,p,
ESTAT:DEMO_PJAN(1.0),23/07/25 23:00:00,Annual,Number,Total,Females,Georgia,2014,2349126,,
ESTAT:DEMO_PJAN(1.0),23/07/25 23:00:00,Annual,Number,Total,Females,Georgia,2015,1951000,b,
ESTAT:DEMO_PJAN(1.0),23/07/25 23:00:00,Annual,Number,Total,Females,Georgia,2016,1940900,,
ESTAT:DEMO_PJAN(1.0),23/07/25 23:00:00,Annual,Number,Total,Females,Georgia,2017,1936700,,
ESTAT:DEMO_PJAN(1.0),23/07/25 23:00:00,Annual,Number,Total,Females,Georgia,2018,1938074,,
ESTAT:DEMO_PJAN(1.0),23/07/25 23:00:00,Annual,Number,Total,Females,Georgia,2019,1932565,,
ESTAT:DEMO_PJAN(1.0),23/07/25 23:00:00,Annual,Number,Total,Females,Georgia,2020,1926579,,
ESTAT:DEMO_PJAN(1.0),23/07/25 23:00:00,Annual,Number,Total,Females,Georgia,2021,1932350,,
ESTAT:DEMO_PJAN(1.0),23/07/25 23:00:00,Annual,Number,Total,Females,Georgia,2022,1918652,,
ESTAT:DEMO_PJAN(1.0),23/07/25 23:00:00,Annual,Number,Total,Females,Georgia,2023,1942537,,
ESTAT:DEMO_PJAN(1.0),23/07/25 23:00:00,Annual,Number,Total,Females,Georgia,2024,1920139,,
ESTAT:DEMO_PJAN(1.0),23/07/25 23:00:00,Annual,Number,Total,Females,Croatia,2014,2186646,,
ESTAT:DEMO_PJAN(1.0),23/07/25 23:00:00,Annual,Number,Total,Females,Croatia,2015,2170159,,
ESTAT:DEMO_PJAN(1.0),23/07/25 23:00:00,Annual,Number,Total,Females,Croatia,2016,2146424,,
ESTAT:DEMO_PJAN(1.0),23/07/25 23:00:00,Annual,Number,Total,Females,Croatia,2017,2122085,,
ESTAT:DEMO_PJAN(1.0),23/07/25 23:00:00,Annual,Number,Total,Females,Croatia,2018,2090961,,
ESTAT:DEMO_PJAN(1.0),23/07/25 23:00:00,Annual,Number,Total,Females,Croatia,2019,2064873,,
ESTAT:DEMO_PJAN(1.0),23/07/25 23:00:00,Annual,Number,Total,Females,Croatia,2020,2041528,,
ESTAT:DEMO_PJAN(1.0),23/07/25 23:00:00,Annual,Number,Total,Females,Croatia,2021,2019003,,
ESTAT:DEMO_PJAN(1.0),23/07/25 23:00:00,Annual,Number,Total,Females,Croatia,2022,2000012,,
ESTAT:DEMO_PJAN(1.0),23/07/25 23:00:00,Annual,Number,Total,Females,Croatia,2023,1989028,,
ESTAT:DEMO_PJAN(1.0),23/07/25 23:00:00,Annual,Number,Total,Females,Croatia,2024,1986557,,
ESTAT:DEMO_PJAN(1.0),23/07/25 23:00:00,Annual,Number,Total,Females,Hungary,2014,5152770,,
ESTAT:DEMO_PJAN(1.0),23/07/25 23:00:00,Annual,Number,Total,Females,Hungary,2015,5128422,,
ESTAT:DEMO_PJAN(1.0),23/07/25 23:00:00,Annual,Number,Total,Females,Hungary,2016,5101174,,
ESTAT:DEMO_PJAN(1.0),23/07/25 23:00:00,Annual,Number,Total,Females,Hungary,2017,5076104,,
ESTAT:DEMO_PJAN(1.0),23/07/25 23:00:00,Annual,Number,Total,Females,Hungary,2018,5054972,,
ESTAT:DEMO_PJAN(1.0),23/07/25 23:00:00,Annual,Number,Total,Females,Hungary,2019,5039416,,
ESTAT:DEMO_PJAN(1.0),23/07/25 23:00:00,Annual,Number,Total,Females,Hungary,2020,5025500,,
ESTAT:DEMO_PJAN(1.0),23/07/25 23:00:00,Annual,Number,Total,Females,Hungary,2021,5004102,,
ESTAT:DEMO_PJAN(1.0),23/07/25 23:00:00,Annual,Number,Total,Females,Hungary,2022,4981528,,
ESTAT:DEMO_PJAN(1.0),23/07/25 23:00:00,Annual,Number,Total,Females,Hungary,2023,4974484,,
ESTAT:DEMO_PJAN(1.0),23/07/25 23:00:00,Annual,Number,Total,Females,Hungary,2024,4961249,,
ESTAT:DEMO_PJAN(1.0),23/07/25 23:00:00,Annual,Number,Total,Females,Ireland,2014,2342002,,
ESTAT:DEMO_PJAN(1.0),23/07/25 23:00:00,Annual,Number,Total,Females,Ireland,2015,2364285,,
ESTAT:DEMO_PJAN(1.0),23/07/25 23:00:00,Annual,Number,Total,Females,Ireland,2016,2387145,,
ESTAT:DEMO_PJAN(1.0),23/07/25 23:00:00,Annual,Number,Total,Females,Ireland,2017,2424201,,
ESTAT:DEMO_PJAN(1.0),23/07/25 23:00:00,Annual,Number,Total,Females,Ireland,2018,2451343,,
ESTAT:DEMO_PJAN(1.0),23/07/25 23:00:00,Annual,Number,Total,Females,Ireland,2019,2493497,,
ESTAT:DEMO_PJAN(1.0),23/07/25 23:00:00,Annual,Number,Total,Females,Ireland,2020,2530888,,
ESTAT:DEMO_PJAN(1.0),23/07/25 23:00:00,Annual,Number,Total,Females,Ireland,2021,2557709,,
ESTAT:DEMO_PJAN(1.0),23/07/25 23:00:00,Annual,Number,Total,Females,Ireland,2022,2604045,,
ESTAT:DEMO_PJAN(1.0),23/07/25 23:00:00,Annual,Number,Total,Females,Ireland,2023,2666848,,
ESTAT:DEMO_PJAN(1.0),23/07/25 23:00:00,Annual,Number,Total,Females,Ireland,2024,2708306,,
ESTAT:DEMO_PJAN(1.0),23/07/25 23:00:00,Annual,Number,Total,Females,Iceland,2014,162353,,
ESTAT:DEMO_PJAN(1.0),23/07/25 23:00:00,Annual,Number,Total,Females,Iceland,2015,163914,,
ESTAT:DEMO_PJAN(1.0),23/07/25 23:00:00,Annual,Number,Total,Females,Iceland,2016,165259,,
ESTAT:DEMO_PJAN(1.0),23/07/25 23:00:00,Annual,Number,Total,Females,Iceland,2017,167316,,
ESTAT:DEMO_PJAN(1.0),23/07/25 23:00:00,Annual,Number,Total,Females,Iceland,2018,170850,,
ESTAT:DEMO_PJAN(1.0),23/07/25 23:00:00,Annual,Number,Total,Females,Iceland,2019,174154,,
ESTAT:DEMO_PJAN(1.0),23/07/25 23:00:00,Annual,Number,Total,Females,Iceland,2020,177193,,
ESTAT:DEMO_PJAN(1.0),23/07/25 23:00:00,Annual,Number,Total,Females,Iceland,2021,179749,,
ESTAT:DEMO_PJAN(1.0),23/07/25 23:00:00,Annual,Number,Total,Females,Iceland,2022,183153,,
ESTAT:DEMO_PJAN(1.0),23/07/25 23:00:00,Annual,Number,Total,Females,Iceland,2023,187800,,
ESTAT:DEMO_PJAN(1.0),23/07/25 23:00:00,Annual,Number,Total,Females,Iceland,2024,187015,,
ESTAT:DEMO_PJAN(1.0),23/07/25 23:00:00,Annual,Number,Total,Females,Italy,2014,31104396,,
ESTAT:DEMO_PJAN(1.0),23/07/25 23:00:00,Annual,Number,Total,Females,Italy,2015,31067182,,
ESTAT:DEMO_PJAN(1.0),23/07/25 23:00:00,Annual,Number,Total,Females,Italy,2016,30970668,,
ESTAT:DEMO_PJAN(1.0),23/07/25 23:00:00,Annual,Number,Total,Females,Italy,2017,30888080,,
ESTAT:DEMO_PJAN(1.0),23/07/25 23:00:00,Annual,Number,Total,Females,Italy,2018,30781300,,
ESTAT:DEMO_PJAN(1.0),23/07/25 23:00:00,Annual,Number,Total,Females,Italy,2019,30685478,b,
ESTAT:DEMO_PJAN(1.0),23/07/25 23:00:00,Annual,Number,Total,Females,Italy,2020,30591392,,
ESTAT:DEMO_PJAN(1.0),23/07/25 23:00:00,Annual,Number,Total,Females,Italy,2021,30369987,,
ESTAT:DEMO_PJAN(1.0),23/07/25 23:00:00,Annual,Number,Total,Females,Italy,2022,30211177,,
ESTAT:DEMO_PJAN(1.0),23/07/25 23:00:00,Annual,Number,Total,Females,Italy,2023,30182369,,
ESTAT:DEMO_PJAN(1.0),23/07/25 23:00:00,Annual,Number,Total,Females,Italy,2024,30124502,,
ESTAT:DEMO_PJAN(1.0),23/07/25 23:00:00,Annual,Number,Total,Females,Liechtenstein,2014,18729,,
ESTAT:DEMO_PJAN(1.0),23/07/25 23:00:00,Annual,Number,Total,Females,Liechtenstein,2015,18813,,
ESTAT:DEMO_PJAN(1.0),23/07/25 23:00:00,Annual,Number,Total,Females,Liechtenstein,2016,18962,,
ESTAT:DEMO_PJAN(1.0),23/07/25 23:00:00,Annual,Number,Total,Females,Liechtenstein,2017,19064,,
ESTAT:DEMO_PJAN(1.0),23/07/25 23:00:00,Annual,Number,Total,Females,Liechtenstein,2018,19224,,
ESTAT:DEMO_PJAN(1.0),23/07/25 23:00:00,Annual,Number,Total,Females,Liechtenstein,2019,19353,,
ESTAT:DEMO_PJAN(1.0),23/07/25 23:00:00,Annual,Number,Total,Females,Liechtenstein,2020,19532,,
ESTAT:DEMO_PJAN(1.0),23/07/25 23:00:00,Annual,Number,Total,Females,Liechtenstein,2021,19687,,
ESTAT:DEMO_PJAN(1.0),23/07/25 23:00:00,Annual,Number,Total,Females,Liechtenstein,2022,19812,,
ESTAT:DEMO_PJAN(1.0),23/07/25 23:00:00,Annual,Number,Total,Females,Liechtenstein,2023,19989,,
ESTAT:DEMO_PJAN(1.0),23/07/25 23:00:00,Annual,Number,Total,Females,Liechtenstein,2024,20156,,
ESTAT:DEMO_PJAN(1.0),23/07/25 23:00:00,Annual,Number,Total,Females,Lithuania,2014,1591447,,
ESTAT:DEMO_PJAN(1.0),23/07/25 23:00:00,Annual,Number,Total,Females,Lithuania,2015,1580254,,
ESTAT:DEMO_PJAN(1.0),23/07/25 23:00:00,Annual,Number,Total,Females,Lithuania,2016,1563839,,
ESTAT:DEMO_PJAN(1.0),23/07/25 23:00:00,Annual,Number,Total,Females,Lithuania,2017,1544399,,
ESTAT:DEMO_PJAN(1.0),23/07/25 23:00:00,Annual,Number,Total,Females,Lithuania,2018,1526156,,
ESTAT:DEMO_PJAN(1.0),23/07/25 23:00:00,Annual,Number,Total,Females,Lithuania,2019,1517016,,
ESTAT:DEMO_PJAN(1.0),23/07/25 23:00:00,Annual,Number,Total,Females,Lithuania,2020,1510500,,
ESTAT:DEMO_PJAN(1.0),23/07/25 23:00:00,Annual,Number,Total,Females,Lithuania,2021,1505796,,
ESTAT:DEMO_PJAN(1.0),23/07/25 23:00:00,Annual,Number,Total,Females,Lithuania,2022,1499399,,
ESTAT:DEMO_PJAN(1.0),23/07/25 23:00:00,Annual,Number,Total,Females,Lithuania,2023,1521463,,
ESTAT:DEMO_PJAN(1.0),23/07/25 23:00:00,Annual,Number,Total,Females,Lithuania,2024,1519986,,
ESTAT:DEMO_PJAN(1.0),23/07/25 23:00:00,Annual,Number,Total,Females,Luxembourg,2014,274563,,
ESTAT:DEMO_PJAN(1.0),23/07/25 23:00:00,Annual,Number,Total,Females,Luxembourg,2015,280986,,
ESTAT:DEMO_PJAN(1.0),23/07/25 23:00:00,Annual,Number,Total,Females,Luxembourg,2016,287056,,
ESTAT:DEMO_PJAN(1.0),23/07/25 23:00:00,Annual,Number,Total,Females,Luxembourg,2017,294026,b,
ESTAT:DEMO_PJAN(1.0),23/07/25 23:00:00,Annual,Number,Total,Females,Luxembourg,2018,299425,,
ESTAT:DEMO_PJAN(1.0),23/07/25 23:00:00,Annual,Number,Total,Females,Luxembourg,2019,305174,,
ESTAT:DEMO_PJAN(1.0),23/07/25 23:00:00,Annual,Number,Total,Females,Luxembourg,2020,311144,,
ESTAT:DEMO_PJAN(1.0),23/07/25 23:00:00,Annual,Number,Total,Females,Luxembourg,2021,315274,,
ESTAT:DEMO_PJAN(1.0),23/07/25 23:00:00,Annual,Number,Total,Females,Luxembourg,2022,320333,,
ESTAT:DEMO_PJAN(1.0),23/07/25 23:00:00,Annual,Number,Total,Females,Luxembourg,2023,328365,,
ESTAT:DEMO_PJAN(1.0),23/07/25 23:00:00,Annual,Number,Total,Females,Luxembourg,2024,333776,,
ESTAT:DEMO_PJAN(1.0),23/07/25 23:00:00,Annual,Number,Total,Females,Latvia,2014,1084423,,
ESTAT:DEMO_PJAN(1.0),23/07/25 23:00:00,Annual,Number,Total,Females,Latvia,2015,1074889,,
ESTAT:DEMO_PJAN(1.0),23/07/25 23:00:00,Annual,Number,Total,Females,Latvia,2016,1064658,,
ESTAT:DEMO_PJAN(1.0),23/07/25 23:00:00,Annual,Number,Total,Females,Latvia,2017,1054433,,
ESTAT:DEMO_PJAN(1.0),23/07/25 23:00:00,Annual,Number,Total,Females,Latvia,2018,1044738,,
ESTAT:DEMO_PJAN(1.0),23/07/25 23:00:00,Annual,Number,Total,Females,Latvia,2019,1035059,,
ESTAT:DEMO_PJAN(1.0),23/07/25 23:00:00,Annual,Number,Total,Females,Latvia,2020,1026719,,
ESTAT:DEMO_PJAN(1.0),23/07/25 23:00:00,Annual,Number,Total,Females,Latvia,2021,1017998,,
ESTAT:DEMO_PJAN(1.0),23/07/25 23:00:00,Annual,Number,Total,Females,Latvia,2022,1006700,,
ESTAT:DEMO_PJAN(1.0),23/07/25 23:00:00,Annual,Number,Total,Females,Latvia,2023,1010687,,
ESTAT:DEMO_PJAN(1.0),23/07/25 23:00:00,Annual,Number,Total,Females,Latvia,2024,1003142,,
ESTAT:DEMO_PJAN(1.0),23/07/25 23:00:00,Annual,Number,Total,Females,Monaco,2024,19475,,
ESTAT:DEMO_PJAN(1.0),23/07/25 23:00:00,Annual,Number,Total,Females,Moldova,2014,1846128,,
ESTAT:DEMO_PJAN(1.0),23/07/25 23:00:00,Annual,Number,Total,Females,Moldova,2015,1493516,be,
ESTAT:DEMO_PJAN(1.0),23/07/25 23:00:00,Annual,Number,Total,Females,Moldova,2016,1477980,e,
ESTAT:DEMO_PJAN(1.0),23/07/25 23:00:00,Annual,Number,Total,Females,Moldova,2017,1465618,e,
ESTAT:DEMO_PJAN(1.0),23/07/25 23:00:00,Annual,Number,Total,Females,Moldova,2018,1446229,e,
ESTAT:DEMO_PJAN(1.0),23/07/25 23:00:00,Annual,Number,Total,Females,Moldova,2019,1424739,e,
ESTAT:DEMO_PJAN(1.0),23/07/25 23:00:00,Annual,Number,Total,Females,Moldova,2020,1402708,e,
ESTAT:DEMO_PJAN(1.0),23/07/25 23:00:00,Annual,Number,Total,Females,Moldova,2021,1381477,e,
ESTAT:DEMO_PJAN(1.0),23/07/25 23:00:00,Annual,Number,Total,Females,Moldova,2022,1346864,e,
ESTAT:DEMO_PJAN(1.0),23/07/25 23:00:00,Annual,Number,Total,Females,Moldova,2023,1325162,ep,
ESTAT:DEMO_PJAN(1.0),23/07/25 23:00:00,Annual,Number,Total,Females,Moldova,2024,1293798,ep,
ESTAT:DEMO_PJAN(1.0),23/07/25 23:00:00,Annual,Number,Total,Females,Montenegro,2014,314366,,
ESTAT:DEMO_PJAN(1.0),23/07/25 23:00:00,Annual,Number,Total,Females,Montenegro,2015,314577,,
ESTAT:DEMO_PJAN(1.0),23/07/25 23:00:00,Annual,Number,Total,Females,Montenegro,2016,314484,,
ESTAT:DEMO_PJAN(1.0),23/07/25 23:00:00,Annual,Number,Total,Females,Montenegro,2017,314635,,
ESTAT:DEMO_PJAN(1.0),23/07/25 23:00:00,Annual,Number,Total,Females,Montenegro,2018,314618,,
ESTAT:DEMO_PJAN(1.0),23/07/25 23:00:00,Annual,Number,Total,Females,Montenegro,2019,314470,,
ESTAT:DEMO_PJAN(1.0),23/07/25 23:00:00,Annual,Number,Total,Females,Montenegro,2020,314318,,
ESTAT:DEMO_PJAN(1.0),23/07/25 23:00:00,Annual,Number,Total,Females,Montenegro,2021,313875,,
ESTAT:DEMO_PJAN(1.0),23/07/25 23:00:00,Annual,Number,Total,Females,Montenegro,2022,312509,,
ESTAT:DEMO_PJAN(1.0),23/07/25 23:00:00,Annual,Number,Total,Females,Montenegro,2023,312004,,
ESTAT:DEMO_PJAN(1.0),23/07/25 23:00:00,Annual,Number,Total,Females,Montenegro,2024,316854,,
ESTAT:DEMO_PJAN(1.0),23/07/25 23:00:00,Annual,Number,Total,Females,North Macedonia,2014,1030928,,
ESTAT:DEMO_PJAN(1.0),23/07/25 23:00:00,Annual,Number,Total,Females,North Macedonia,2015,1032654,,
ESTAT:DEMO_PJAN(1.0),23/07/25 23:00:00,Annual,Number,Total,Females,North Macedonia,2016,1033677,,
ESTAT:DEMO_PJAN(1.0),23/07/25 23:00:00,Annual,Number,Total,Females,North Macedonia,2017,1035089,,
ESTAT:DEMO_PJAN(1.0),23/07/25 23:00:00,Annual,Number,Total,Females,North Macedonia,2018,1036018,,
ESTAT:DEMO_PJAN(1.0),23/07/25 23:00:00,Annual,Number,Total,Females,North Macedonia,2019,1036932,,
ESTAT:DEMO_PJAN(1.0),23/07/25 23:00:00,Annual,Number,Total,Females,North Macedonia,2020,1036539,,
ESTAT:DEMO_PJAN(1.0),23/07/25 23:00:00,Annual,Number,Total,Females,North Macedonia,2021,1033590,,
ESTAT:DEMO_PJAN(1.0),23/07/25 23:00:00,Annual,Number,Total,Females,North Macedonia,2022,926099,b,
ESTAT:DEMO_PJAN(1.0),23/07/25 23:00:00,Annual,Number,Total,Females,North Macedonia,2023,922921,,
ESTAT:DEMO_PJAN(1.0),23/07/25 23:00:00,Annual,Number,Total,Females,North Macedonia,2024,921508,,
ESTAT:DEMO_PJAN(1.0),23/07/25 23:00:00,Annual,Number,Total,Females,Malta,2014,213935,,
ESTAT:DEMO_PJAN(1.0),23/07/25 23:00:00,Annual,Number,Total,Females,Malta,2015,218310,,
ESTAT:DEMO_PJAN(1.0),23/07/25 23:00:00,Annual,Number,Total,Females,Malta,2016,223127,,
ESTAT:DEMO_PJAN(1.0),23/07/25 23:00:00,Annual,Number,Total,Females,Malta,2017,227632,,
ESTAT:DEMO_PJAN(1.0),23/07/25 23:00:00,Annual,Number,Total,Females,Malta,2018,234099,,
ESTAT:DEMO_PJAN(1.0),23/07/25 23:00:00,Annual,Number,Total,Females,Malta,2019,240787,,
ESTAT:DEMO_PJAN(1.0),23/07/25 23:00:00,Annual,Number,Total,Females,Malta,2020,248296,,
ESTAT:DEMO_PJAN(1.0),23/07/25 23:00:00,Annual,Number,Total,Females,Malta,2021,248511,,
ESTAT:DEMO_PJAN(1.0),23/07/25 23:00:00,Annual,Number,Total,Females,Malta,2022,249705,,
ESTAT:DEMO_PJAN(1.0),23/07/25 23:00:00,Annual,Number,Total,Females,Malta,2023,257230,,
ESTAT:DEMO_PJAN(1.0),23/07/25 23:00:00,Annual,Number,Total,Females,Malta,2024,264697,,
ESTAT:DEMO_PJAN(1.0),23/07/25 23:00:00,Annual,Number,Total,Females,Netherlands,2014,8494904,,
ESTAT:DEMO_PJAN(1.0),23/07/25 23:00:00,Annual,Number,Total,Females,Netherlands,2015,8527868,,
ESTAT:DEMO_PJAN(1.0),23/07/25 23:00:00,Annual,Number,Total,Females,Netherlands,2016,8561985,,
ESTAT:DEMO_PJAN(1.0),23/07/25 23:00:00,Annual,Number,Total,Females,Netherlands,2017,8606405,,
ESTAT:DEMO_PJAN(1.0),23/07/25 23:00:00,Annual,Number,Total,Females,Netherlands,2018,8654043,,
ESTAT:DEMO_PJAN(1.0),23/07/25 23:00:00,Annual,Number,Total,Females,Netherlands,2019,8701077,,
ESTAT:DEMO_PJAN(1.0),23/07/25 23:00:00,Annual,Number,Total,Females,Netherlands,2020,8759554,,
ESTAT:DEMO_PJAN(1.0),23/07/25 23:00:00,Annual,Number,Total,Females,Netherlands,2021,8788879,,
ESTAT:DEMO_PJAN(1.0),23/07/25 23:00:00,Annual,Number,Total,Females,Netherlands,2022,8845204,,
ESTAT:DEMO_PJAN(1.0),23/07/25 23:00:00,Annual,Number,Total,Females,Netherlands,2023,8960982,,
ESTAT:DEMO_PJAN(1.0),23/07/25 23:00:00,Annual,Number,Total,Females,Netherlands,2024,9022174,,
ESTAT:DEMO_PJAN(1.0),23/07/25 23:00:00,Annual,Number,Total,Females,Norway,2014,2541622,,
ESTAT:DEMO_PJAN(1.0),23/07/25 23:00:00,Annual,Number,Total,Females,Norway,2015,2566978,,
ESTAT:DEMO_PJAN(1.0),23/07/25 23:00:00,Annual,Number,Total,Females,Norway,2016,2588874,,
ESTAT:DEMO_PJAN(1.0),23/07/25 23:00:00,Annual,Number,Total,Females,Norway,2017,2609187,,
ESTAT:DEMO_PJAN(1.0),23/07/25 23:00:00,Annual,Number,Total,Females,Norway,2018,2627248,,
ESTAT:DEMO_PJAN(1.0),23/07/25 23:00:00,Annual,Number,Total,Females,Norway,2019,2643139,,
ESTAT:DEMO_PJAN(1.0),23/07/25 23:00:00,Annual,Number,Total,Females,Norway,2020,2661018,,
ESTAT:DEMO_PJAN(1.0),23/07/25 23:00:00,Annual,Number,Total,Females,Norway,2021,2672110,,
ESTAT:DEMO_PJAN(1.0),23/07/25 23:00:00,Annual,Number,Total,Females,Norway,2022,2687938,,
ESTAT:DEMO_PJAN(1.0),23/07/25 23:00:00,Annual,Number,Total,Females,Norway,2023,2723514,,
ESTAT:DEMO_PJAN(1.0),23/07/25 23:00:00,Annual,Number,Total,Females,Norway,2024,2754489,,
ESTAT:DEMO_PJAN(1.0),23/07/25 23:00:00,Annual,Number,Total,Females,Poland,2014,19613892,,
ESTAT:DEMO_PJAN(1.0),23/07/25 23:00:00,Annual,Number,Total,Females,Poland,2015,19608451,,
ESTAT:DEMO_PJAN(1.0),23/07/25 23:00:00,Annual,Number,Total,Females,Poland,2016,19590169,,
ESTAT:DEMO_PJAN(1.0),23/07/25 23:00:00,Annual,Number,Total,Females,Poland,2017,19595127,,
ESTAT:DEMO_PJAN(1.0),23/07/25 23:00:00,Annual,Number,Total,Females,Poland,2018,19596388,,
ESTAT:DEMO_PJAN(1.0),23/07/25 23:00:00,Annual,Number,Total,Females,Poland,2019,19592436,,
ESTAT:DEMO_PJAN(1.0),23/07/25 23:00:00,Annual,Number,Total,Females,Poland,2020,19584757,,
ESTAT:DEMO_PJAN(1.0),23/07/25 23:00:00,Annual,Number,Total,Females,Poland,2021,19131216,bep,
ESTAT:DEMO_PJAN(1.0),23/07/25 23:00:00,Annual,Number,Total,Females,Poland,2022,19043758,ep,
ESTAT:DEMO_PJAN(1.0),23/07/25 23:00:00,Annual,Number,Total,Females,Poland,2023,18980357,ep,
ESTAT:DEMO_PJAN(1.0),23/07/25 23:00:00,Annual,Number,Total,Females,Poland,2024,18914999,ep,
ESTAT:DEMO_PJAN(1.0),23/07/25 23:00:00,Annual,Number,Total,Females,Portugal,2014,5478747,,
ESTAT:DEMO_PJAN(1.0),23/07/25 23:00:00,Annual,Number,Total,Females,Portugal,2015,5460453,,
ESTAT:DEMO_PJAN(1.0),23/07/25 23:00:00,Annual,Number,Total,Females,Portugal,2016,5449089,,
ESTAT:DEMO_PJAN(1.0),23/07/25 23:00:00,Annual,Number,Total,Females,Portugal,2017,5436542,,
ESTAT:DEMO_PJAN(1.0),23/07/25 23:00:00,Annual,Number,Total,Females,Portugal,2018,5433139,,
ESTAT:DEMO_PJAN(1.0),23/07/25 23:00:00,Annual,Number,Total,Females,Portugal,2019,5434882,,
ESTAT:DEMO_PJAN(1.0),23/07/25 23:00:00,Annual,Number,Total,Females,Portugal,2020,5448405,,
ESTAT:DEMO_PJAN(1.0),23/07/25 23:00:00,Annual,Number,Total,Females,Portugal,2021,5451426,,
ESTAT:DEMO_PJAN(1.0),23/07/25 23:00:00,Annual,Number,Total,Females,Portugal,2022,5453855,,
ESTAT:DEMO_PJAN(1.0),23/07/25 23:00:00,Annual,Number,Total,Females,Portugal,2023,5495973,,
ESTAT:DEMO_PJAN(1.0),23/07/25 23:00:00,Annual,Number,Total,Females,Portugal,2024,5556158,,
ESTAT:DEMO_PJAN(1.0),23/07/25 23:00:00,Annual,Number,Total,Females,Romania,2014,10201259,,
ESTAT:DEMO_PJAN(1.0),23/07/25 23:00:00,Annual,Number,Total,Females,Romania,2015,10163573,,
ESTAT:DEMO_PJAN(1.0),23/07/25 23:00:00,Annual,Number,Total,Females,Romania,2016,10110852,,
ESTAT:DEMO_PJAN(1.0),23/07/25 23:00:00,Annual,Number,Total,Females,Romania,2017,10041869,,
ESTAT:DEMO_PJAN(1.0),23/07/25 23:00:00,Annual,Number,Total,Females,Romania,2018,9978614,,
ESTAT:DEMO_PJAN(1.0),23/07/25 23:00:00,Annual,Number,Total,Females,Romania,2019,9914008,,
ESTAT:DEMO_PJAN(1.0),23/07/25 23:00:00,Annual,Number,Total,Females,Romania,2020,9868177,e,
ESTAT:DEMO_PJAN(1.0),23/07/25 23:00:00,Annual,Number,Total,Females,Romania,2021,9814072,,
ESTAT:DEMO_PJAN(1.0),23/07/25 23:00:00,Annual,Number,Total,Females,Romania,2022,9802644,e,
ESTAT:DEMO_PJAN(1.0),23/07/25 23:00:00,Annual,Number,Total,Females,Romania,2023,9790587,e,
ESTAT:DEMO_PJAN(1.0),23/07/25 23:00:00,Annual,Number,Total,Females,Romania,2024,9796206,e,
ESTAT:DEMO_PJAN(1.0),23/07/25 23:00:00,Annual,Number,Total,Females,Serbia,2014,3666896,,
ESTAT:DEMO_PJAN(1.0),23/07/25 23:00:00,Annual,Number,Total,Females,Serbia,2015,3649994,,
ESTAT:DEMO_PJAN(1.0),23/07/25 23:00:00,Annual,Number,Total,Females,Serbia,2016,3630114,,
ESTAT:DEMO_PJAN(1.0),23/07/25 23:00:00,Annual,Number,Total,Females,Serbia,2017,3611245,,
ESTAT:DEMO_PJAN(1.0),23/07/25 23:00:00,Annual,Number,Total,Females,Serbia,2018,3590852,,
ESTAT:DEMO_PJAN(1.0),23/07/25 23:00:00,Annual,Number,Total,Females,Serbia,2019,3570953,,
ESTAT:DEMO_PJAN(1.0),23/07/25 23:00:00,Annual,Number,Total,Females,Serbia,2020,3552066,,
ESTAT:DEMO_PJAN(1.0),23/07/25 23:00:00,Annual,Number,Total,Females,Serbia,2021,3525575,,
ESTAT:DEMO_PJAN(1.0),23/07/25 23:00:00,Annual,Number,Total,Females,Serbia,2022,3489070,,
ESTAT:DEMO_PJAN(1.0),23/07/25 23:00:00,Annual,Number,Total,Females,Serbia,2023,3411719,b,
ESTAT:DEMO_PJAN(1.0),23/07/25 23:00:00,Annual,Number,Total,Females,Serbia,2024,3392796,,
ESTAT:DEMO_PJAN(1.0),23/07/25 23:00:00,Annual,Number,Total,Females,Russia,2014,77120043,,
ESTAT:DEMO_PJAN(1.0),23/07/25 23:00:00,Annual,Number,Total,Females,Sweden,2014,4830507,,
ESTAT:DEMO_PJAN(1.0),23/07/25 23:00:00,Annual,Number,Total,Females,Sweden,2015,4875115,,
ESTAT:DEMO_PJAN(1.0),23/07/25 23:00:00,Annual,Number,Total,Females,Sweden,2016,4920051,,
ESTAT:DEMO_PJAN(1.0),23/07/25 23:00:00,Annual,Number,Total,Females,Sweden,2017,4981806,,
ESTAT:DEMO_PJAN(1.0),23/07/25 23:00:00,Annual,Number,Total,Females,Sweden,2018,5037580,,
ESTAT:DEMO_PJAN(1.0),23/07/25 23:00:00,Annual,Number,Total,Females,Sweden,2019,5087747,,
ESTAT:DEMO_PJAN(1.0),23/07/25 23:00:00,Annual,Number,Total,Females,Sweden,2020,5131775,,
ESTAT:DEMO_PJAN(1.0),23/07/25 23:00:00,Annual,Number,Total,Females,Sweden,2021,5156448,,
ESTAT:DEMO_PJAN(1.0),23/07/25 23:00:00,Annual,Number,Total,Females,Sweden,2022,5191619,,
ESTAT:DEMO_PJAN(1.0),23/07/25 23:00:00,Annual,Number,Total,Females,Sweden,2023,5223232,,
ESTAT:DEMO_PJAN(1.0),23/07/25 23:00:00,Annual,Number,Total,Females,Sweden,2024,5239188,,
ESTAT:DEMO_PJAN(1.0),23/07/25 23:00:00,Annual,Number,Total,Females,Slovenia,2014,1040211,,
ESTAT:DEMO_PJAN(1.0),23/07/25 23:00:00,Annual,Number,Total,Females,Slovenia,2015,1040645,,
ESTAT:DEMO_PJAN(1.0),23/07/25 23:00:00,Annual,Number,Total,Females,Slovenia,2016,1040855,,
ESTAT:DEMO_PJAN(1.0),23/07/25 23:00:00,Annual,Number,Total,Females,Slovenia,2017,1040770,,
ESTAT:DEMO_PJAN(1.0),23/07/25 23:00:00,Annual,Number,Total,Females,Slovenia,2018,1039839,,
ESTAT:DEMO_PJAN(1.0),23/07/25 23:00:00,Annual,Number,Total,Females,Slovenia,2019,1042252,,
ESTAT:DEMO_PJAN(1.0),23/07/25 23:00:00,Annual,Number,Total,Females,Slovenia,2020,1044795,,
ESTAT:DEMO_PJAN(1.0),23/07/25 23:00:00,Annual,Number,Total,Females,Slovenia,2021,1049039,,
ESTAT:DEMO_PJAN(1.0),23/07/25 23:00:00,Annual,Number,Total,Females,Slovenia,2022,1049485,,
ESTAT:DEMO_PJAN(1.0),23/07/25 23:00:00,Annual,Number,Total,Females,Slovenia,2023,1053701,,
ESTAT:DEMO_PJAN(1.0),23/07/25 23:00:00,Annual,Number,Total,Females,Slovenia,2024,1055520,,
ESTAT:DEMO_PJAN(1.0),23/07/25 23:00:00,Annual,Number,Total,Females,Slovakia,2014,2776889,,
ESTAT:DEMO_PJAN(1.0),23/07/25 23:00:00,Annual,Number,Total,Females,Slovakia,2015,2779021,,
ESTAT:DEMO_PJAN(1.0),23/07/25 23:00:00,Annual,Number,Total,Females,Slovakia,2016,2780170,,
ESTAT:DEMO_PJAN(1.0),23/07/25 23:00:00,Annual,Number,Total,Females,Slovakia,2017,2783659,,
ESTAT:DEMO_PJAN(1.0),23/07/25 23:00:00,Annual,Number,Total,Females,Slovakia,2018,2786606,,
ESTAT:DEMO_PJAN(1.0),23/07/25 23:00:00,Annual,Number,Total,Females,Slovakia,2019,2789344,,
ESTAT:DEMO_PJAN(1.0),23/07/25 23:00:00,Annual,Number,Total,Females,Slovakia,2020,2792523,,
ESTAT:DEMO_PJAN(1.0),23/07/25 23:00:00,Annual,Number,Total,Females,Slovakia,2021,2793295,,
ESTAT:DEMO_PJAN(1.0),23/07/25 23:00:00,Annual,Number,Total,Females,Slovakia,2022,2776809,,
ESTAT:DEMO_PJAN(1.0),23/07/25 23:00:00,Annual,Number,Total,Females,Slovakia,2023,2773698,,
ESTAT:DEMO_PJAN(1.0),23/07/25 23:00:00,Annual,Number,Total,Females,Slovakia,2024,2771470,,
ESTAT:DEMO_PJAN(1.0),23/07/25 23:00:00,Annual,Number,Total,Females,San Marino,2018,17665,,
ESTAT:DEMO_PJAN(1.0),23/07/25 23:00:00,Annual,Number,Total,Females,Türkiye,2014,38194504,,
ESTAT:DEMO_PJAN(1.0),23/07/25 23:00:00,Annual,Number,Total,Females,Türkiye,2015,38711602,,
ESTAT:DEMO_PJAN(1.0),23/07/25 23:00:00,Annual,Number,Total,Females,Türkiye,2016,39229862,,
ESTAT:DEMO_PJAN(1.0),23/07/25 23:00:00,Annual,Number,Total,Females,Türkiye,2017,39771221,,
ESTAT:DEMO_PJAN(1.0),23/07/25 23:00:00,Annual,Number,Total,Females,Türkiye,2018,40275390,,
ESTAT:DEMO_PJAN(1.0),23/07/25 23:00:00,Annual,Number,Total,Females,Türkiye,2019,40863902,,
ESTAT:DEMO_PJAN(1.0),23/07/25 23:00:00,Annual,Number,Total,Females,Türkiye,2020,41433861,,
ESTAT:DEMO_PJAN(1.0),23/07/25 23:00:00,Annual,Number,Total,Females,Türkiye,2021,41698377,,
ESTAT:DEMO_PJAN(1.0),23/07/25 23:00:00,Annual,Number,Total,Females,Türkiye,2022,42252172,,
ESTAT:DEMO_PJAN(1.0),23/07/25 23:00:00,Annual,Number,Total,Females,Türkiye,2023,42575441,,
ESTAT:DEMO_PJAN(1.0),23/07/25 23:00:00,Annual,Number,Total,Females,Türkiye,2024,42638306,,
ESTAT:DEMO_PJAN(1.0),23/07/25 23:00:00,Annual,Number,Total,Females,Ukraine,2014,24327606,,
ESTAT:DEMO_PJAN(1.0),23/07/25 23:00:00,Annual,Number,Total,Females,Ukraine,2015,22971835,b,
ESTAT:DEMO_PJAN(1.0),23/07/25 23:00:00,Annual,Number,Total,Females,Ukraine,2016,22872998,,
ESTAT:DEMO_PJAN(1.0),23/07/25 23:00:00,Annual,Number,Total,Females,Ukraine,2017,22770325,,
ESTAT:DEMO_PJAN(1.0),23/07/25 23:00:00,Annual,Number,Total,Females,Ukraine,2018,22658586,,
ESTAT:DEMO_PJAN(1.0),23/07/25 23:00:00,Annual,Number,Total,Females,Ukraine,2019,22528292,,
ESTAT:DEMO_PJAN(1.0),23/07/25 23:00:00,Annual,Number,Total,Females,Ukraine,2020,22389339,,
ESTAT:DEMO_PJAN(1.0),23/07/25 23:00:00,Annual,Number,Total,Females,Ukraine,2021,22223341,,
ESTAT:DEMO_PJAN(1.0),23/07/25 23:00:00,Annual,Number,Total,Females,Ukraine,2022,21990719,,
ESTAT:DEMO_PJAN(1.0),23/07/25 23:00:00,Annual,Number,Total,Females,United Kingdom,2014,32687816,,
ESTAT:DEMO_PJAN(1.0),23/07/25 23:00:00,Annual,Number,Total,Females,United Kingdom,2015,32919294,,
ESTAT:DEMO_PJAN(1.0),23/07/25 23:00:00,Annual,Number,Total,Females,United Kingdom,2016,33152984,,
ESTAT:DEMO_PJAN(1.0),23/07/25 23:00:00,Annual,Number,Total,Females,United Kingdom,2017,33364404,,
ESTAT:DEMO_PJAN(1.0),23/07/25 23:00:00,Annual,Number,Total,Females,United Kingdom,2018,33563620,,
ESTAT:DEMO_PJAN(1.0),23/07/25 23:00:00,Annual,Number,Total,Females,United Kingdom,2019,33746076,,
ESTAT:DEMO_PJAN(1.0),23/07/25 23:00:00,Annual,Number,Total,Females,United Kingdom,2020,,p,
ESTAT:DEMO_PJAN(1.0),23/07/25 23:00:00,Annual,Number,Total,Females,Kosovo*,2016,888310,p,
ESTAT:DEMO_PJAN(1.0),23/07/25 23:00:00,Annual,Number,Total,Females,Kosovo*,2017,901303,,
ESTAT:DEMO_PJAN(1.0),23/07/25 23:00:00,Annual,Number,Total,Females,Kosovo*,2018,910355,,
ESTAT:DEMO_PJAN(1.0),23/07/25 23:00:00,Annual,Number,Total,Females,Kosovo*,2019,910253,,
ESTAT:DEMO_PJAN(1.0),23/07/25 23:00:00,Annual,Number,Total,Females,Kosovo*,2020,907234,,
ESTAT:DEMO_PJAN(1.0),23/07/25 23:00:00,Annual,Number,Total,Females,Kosovo*,2021,913441,,
ESTAT:DEMO_PJAN(1.0),23/07/25 23:00:00,Annual,Number,Total,Females,Kosovo*,2022,903544,,
ESTAT:DEMO_PJAN(1.0),23/07/25 23:00:00,Annual,Number,Total,Males,Andorra,2019,38789,,
ESTAT:DEMO_PJAN(1.0),23/07/25 23:00:00,Annual,Number,Total,Males,Albania,2014,1461567,,
ESTAT:DEMO_PJAN(1.0),23/07/25 23:00:00,Annual,Number,Total,Males,Albania,2015,1461199,,
ESTAT:DEMO_PJAN(1.0),23/07/25 23:00:00,Annual,Number,Total,Males,Albania,2016,1458451,,
ESTAT:DEMO_PJAN(1.0),23/07/25 23:00:00,Annual,Number,Total,Males,Albania,2017,1453541,,
ESTAT:DEMO_PJAN(1.0),23/07/25 23:00:00,Annual,Number,Total,Males,Albania,2018,1438609,,
ESTAT:DEMO_PJAN(1.0),23/07/25 23:00:00,Annual,Number,Total,Males,Albania,2019,1429594,,
ESTAT:DEMO_PJAN(1.0),23/07/25 23:00:00,Annual,Number,Total,Males,Albania,2020,1420613,,
ESTAT:DEMO_PJAN(1.0),23/07/25 23:00:00,Annual,Number,Total,Males,Albania,2021,1409982,,
ESTAT:DEMO_PJAN(1.0),23/07/25 23:00:00,Annual,Number,Total,Males,Albania,2022,1387060,,
ESTAT:DEMO_PJAN(1.0),23/07/25 23:00:00,Annual,Number,Total,Males,Albania,2023,1366921,,
ESTAT:DEMO_PJAN(1.0),23/07/25 23:00:00,Annual,Number,Total,Males,Armenia,2015,1439148,,
ESTAT:DEMO_PJAN(1.0),23/07/25 23:00:00,Annual,Number,Total,Males,Armenia,2016,1429042,,
ESTAT:DEMO_PJAN(1.0),23/07/25 23:00:00,Annual,Number,Total,Males,Armenia,2017,1418771,,
ESTAT:DEMO_PJAN(1.0),23/07/25 23:00:00,Annual,Number,Total,Males,Armenia,2018,1408199,,
ESTAT:DEMO_PJAN(1.0),23/07/25 23:00:00,Annual,Number,Total,Males,Armenia,2019,1401731,,
ESTAT:DEMO_PJAN(1.0),23/07/25 23:00:00,Annual,Number,Total,Males,Armenia,2020,1397005,,
ESTAT:DEMO_PJAN(1.0),23/07/25 23:00:00,Annual,Number,Total,Males,Armenia,2021,1398107,,
ESTAT:DEMO_PJAN(1.0),23/07/25 23:00:00,Annual,Number,Total,Males,Armenia,2023,1405373,,
ESTAT:DEMO_PJAN(1.0),23/07/25 23:00:00,Annual,Number,Total,Males,Armenia,2024,1413526,,
ESTAT:DEMO_PJAN(1.0),23/07/25 23:00:00,Annual,Number,Total,Males,Austria,2014,4155339,,
ESTAT:DEMO_PJAN(1.0),23/07/25 23:00:00,Annual,Number,Total,Males,Austria,2015,4200397,,
ESTAT:DEMO_PJAN(1.0),23/07/25 23:00:00,Annual,Number,Total,Males,Austria,2016,4272553,,
ESTAT:DEMO_PJAN(1.0),23/07/25 23:00:00,Annual,Number,Total,Males,Austria,2017,4312441,,
ESTAT:DEMO_PJAN(1.0),23/07/25 23:00:00,Annual,Number,Total,Males,Austria,2018,4338518,,
ESTAT:DEMO_PJAN(1.0),23/07/25 23:00:00,Annual,Number,Total,Males,Austria,2019,4357033,,
ESTAT:DEMO_PJAN(1.0),23/07/25 23:00:00,Annual,Number,Total,Males,Austria,2020,4378772,,
ESTAT:DEMO_PJAN(1.0),23/07/25 23:00:00,Annual,Number,Total,Males,Austria,2021,4396952,,
ESTAT:DEMO_PJAN(1.0),23/07/25 23:00:00,Annual,Number,Total,Males,Austria,2022,4425485,,
ESTAT:DEMO_PJAN(1.0),23/07/25 23:00:00,Annual,Number,Total,Males,Austria,2023,4484815,,
ESTAT:DEMO_PJAN(1.0),23/07/25 23:00:00,Annual,Number,Total,Males,Austria,2024,4514832,,
ESTAT:DEMO_PJAN(1.0),23/07/25 23:00:00,Annual,Number,Total,Males,Azerbaijan,2014,4713548,,
ESTAT:DEMO_PJAN(1.0),23/07/25 23:00:00,Annual,Number,Total,Males,Azerbaijan,2015,4775857,,
ESTAT:DEMO_PJAN(1.0),23/07/25 23:00:00,Annual,Number,Total,Males,Azerbaijan,2016,4835641,,
ESTAT:DEMO_PJAN(1.0),23/07/25 23:00:00,Annual,Number,Total,Males,Azerbaijan,2017,4891210,,
ESTAT:DEMO_PJAN(1.0),23/07/25 23:00:00,Annual,Number,Total,Males,Azerbaijan,2018,4938027,,
ESTAT:DEMO_PJAN(1.0),23/07/25 23:00:00,Annual,Number,Total,Males,Azerbaijan,2019,4982404,,
ESTAT:DEMO_PJAN(1.0),23/07/25 23:00:00,Annual,Number,Total,Males,Azerbaijan,2020,5028008,,
ESTAT:DEMO_PJAN(1.0),23/07/25 23:00:00,Annual,Number,Total,Males,Azerbaijan,2021,5053845,,
ESTAT:DEMO_PJAN(1.0),23/07/25 23:00:00,Annual,Number,Total,Males,Azerbaijan,2022,5074520,,
ESTAT:DEMO_PJAN(1.0),23/07/25 23:00:00,Annual,Number,Total,Males,Azerbaijan,2023,5039629,,
ESTAT:DEMO_PJAN(1.0),23/07/25 23:00:00,Annual,Number,Total,Males,Azerbaijan,2024,5067206,,
ESTAT:DEMO_PJAN(1.0),23/07/25 23:00:00,Annual,Number,Total,Males,Belgium,2014,5493792,,
ESTAT:DEMO_PJAN(1.0),23/07/25 23:00:00,Annual,Number,Total,Males,Belgium,2015,5524068,,
ESTAT:DEMO_PJAN(1.0),23/07/25 23:00:00,Annual,Number,Total,Males,Belgium,2016,5569264,,
ESTAT:DEMO_PJAN(1.0),23/07/25 23:00:00,Annual,Number,Total,Males,Belgium,2017,5589272,,
ESTAT:DEMO_PJAN(1.0),23/07/25 23:00:00,Annual,Number,Total,Males,Belgium,2018,5614218,,
ESTAT:DEMO_PJAN(1.0),23/07/25 23:00:00,Annual,Number,Total,Males,Belgium,2019,5644826,,
ESTAT:DEMO_PJAN(1.0),23/07/25 23:00:00,Annual,Number,Total,Males,Belgium,2020,5681225,,
ESTAT:DEMO_PJAN(1.0),23/07/25 23:00:00,Annual,Number,Total,Males,Belgium,2021,5700474,,
ESTAT:DEMO_PJAN(1.0),23/07/25 23:00:00,Annual,Number,Total,Males,Belgium,2022,5733645,,
ESTAT:DEMO_PJAN(1.0),23/07/25 23:00:00,Annual,Number,Total,Males,Belgium,2023,5796147,,
ESTAT:DEMO_PJAN(1.0),23/07/25 23:00:00,Annual,Number,Total,Males,Belgium,2024,5836003,,
ESTAT:DEMO_PJAN(1.0),23/07/25 23:00:00,Annual,Number,Total,Males,Bulgaria,2014,3454629,,
ESTAT:DEMO_PJAN(1.0),23/07/25 23:00:00,Annual,Number,Total,Males,Bulgaria,2015,3407807,,
ESTAT:DEMO_PJAN(1.0),23/07/25 23:00:00,Annual,Number,Total,Males,Bulgaria,2016,3359761,,
ESTAT:DEMO_PJAN(1.0),23/07/25 23:00:00,Annual,Number,Total,Males,Bulgaria,2017,3311969,,
ESTAT:DEMO_PJAN(1.0),23/07/25 23:00:00,Annual,Number,Total,Males,Bulgaria,2018,3263234,,
ESTAT:DEMO_PJAN(1.0),23/07/25 23:00:00,Annual,Number,Total,Males,Bulgaria,2019,3213926,,
ESTAT:DEMO_PJAN(1.0),23/07/25 23:00:00,Annual,Number,Total,Males,Bulgaria,2020,3163414,,
ESTAT:DEMO_PJAN(1.0),23/07/25 23:00:00,Annual,Number,Total,Males,Bulgaria,2021,3142310,,
ESTAT:DEMO_PJAN(1.0),23/07/25 23:00:00,Annual,Number,Total,Males,Bulgaria,2022,3118181,,
ESTAT:DEMO_PJAN(1.0),23/07/25 23:00:00,Annual,Number,Total,Males,Bulgaria,2023,3099503,,
ESTAT:DEMO_PJAN(1.0),23/07/25 23:00:00,Annual,Number,Total,Males,Bulgaria,2024,3097698,,
ESTAT:DEMO_PJAN(1.0),23/07/25 23:00:00,Annual,Number,Total,Males,Belarus,2014,4401211,,
ESTAT:DEMO_PJAN(1.0),23/07/25 23:00:00,Annual,Number,Total,Males,Belarus,2015,4409197,,
ESTAT:DEMO_PJAN(1.0),23/07/25 23:00:00,Annual,Number,Total,Males,Belarus,2016,4420842,,
ESTAT:DEMO_PJAN(1.0),23/07/25 23:00:00,Annual,Number,Total,Males,Belarus,2017,4426519,,
ESTAT:DEMO_PJAN(1.0),23/07/25 23:00:00,Annual,Number,Total,Males,Belarus,2018,4421534,,
ESTAT:DEMO_PJAN(1.0),23/07/25 23:00:00,Annual,Number,Total,Males,Belarus,2019,4415745,,
ESTAT:DEMO_PJAN(1.0),23/07/25 23:00:00,Annual,Number,Total,Males,Switzerland,2014,4022091,,
ESTAT:DEMO_PJAN(1.0),23/07/25 23:00:00,Annual,Number,Total,Males,Switzerland,2015,4073880,,
ESTAT:DEMO_PJAN(1.0),23/07/25 23:00:00,Annual,Number,Total,Males,Switzerland,2016,4121471,,
ESTAT:DEMO_PJAN(1.0),23/07/25 23:00:00,Annual,Number,Total,Males,Switzerland,2017,4173437,,
ESTAT:DEMO_PJAN(1.0),23/07/25 23:00:00,Annual,Number,Total,Males,Switzerland,2018,4206434,,
ESTAT:DEMO_PJAN(1.0),23/07/25 23:00:00,Annual,Number,Total,Males,Switzerland,2019,4237121,,
ESTAT:DEMO_PJAN(1.0),23/07/25 23:00:00,Annual,Number,Total,Males,Switzerland,2020,4268863,,
ESTAT:DEMO_PJAN(1.0),23/07/25 23:00:00,Annual,Number,Total,Males,Switzerland,2021,4302599,,
ESTAT:DEMO_PJAN(1.0),23/07/25 23:00:00,Annual,Number,Total,Males,Switzerland,2022,4338203,,
ESTAT:DEMO_PJAN(1.0),23/07/25 23:00:00,Annual,Number,Total,Males,Switzerland,2023,4379953,,
ESTAT:DEMO_PJAN(1.0),23/07/25 23:00:00,Annual,Number,Total,Males,Switzerland,2024,4451532,,
ESTAT:DEMO_PJAN(1.0),23/07/25 23:00:00,Annual,Number,Total,Males,Cyprus,2014,418495,,
ESTAT:DEMO_PJAN(1.0),23/07/25 23:00:00,Annual,Number,Total,Males,Cyprus,2015,419287,,
ESTAT:DEMO_PJAN(1.0),23/07/25 23:00:00,Annual,Number,Total,Males,Cyprus,2016,421141,,
ESTAT:DEMO_PJAN(1.0),23/07/25 23:00:00,Annual,Number,Total,Males,Cyprus,2017,423998,,
ESTAT:DEMO_PJAN(1.0),23/07/25 23:00:00,Annual,Number,Total,Males,Cyprus,2018,428178,,
ESTAT:DEMO_PJAN(1.0),23/07/25 23:00:00,Annual,Number,Total,Males,Cyprus,2019,434611,,
ESTAT:DEMO_PJAN(1.0),23/07/25 23:00:00,Annual,Number,Total,Males,Cyprus,2020,443238,,
ESTAT:DEMO_PJAN(1.0),23/07/25 23:00:00,Annual,Number,Total,Males,Cyprus,2021,447552,,
ESTAT:DEMO_PJAN(1.0),23/07/25 23:00:00,Annual,Number,Total,Males,Cyprus,2022,453251,,
ESTAT:DEMO_PJAN(1.0),23/07/25 23:00:00,Annual,Number,Total,Males,Cyprus,2023,465129,,
ESTAT:DEMO_PJAN(1.0),23/07/25 23:00:00,Annual,Number,Total,Males,Cyprus,2024,475594,,
ESTAT:DEMO_PJAN(1.0),23/07/25 23:00:00,Annual,Number,Total,Males,Czechia,2014,5162380,,
ESTAT:DEMO_PJAN(1.0),23/07/25 23:00:00,Annual,Number,Total,Males,Czechia,2015,5176927,,
ESTAT:DEMO_PJAN(1.0),23/07/25 23:00:00,Annual,Number,Total,Males,Czechia,2016,5186330,,
ESTAT:DEMO_PJAN(1.0),23/07/25 23:00:00,Annual,Number,Total,Males,Czechia,2017,5200687,,
ESTAT:DEMO_PJAN(1.0),23/07/25 23:00:00,Annual,Number,Total,Males,Czechia,2018,5219791,,
ESTAT:DEMO_PJAN(1.0),23/07/25 23:00:00,Annual,Number,Total,Males,Czechia,2019,5244194,,
ESTAT:DEMO_PJAN(1.0),23/07/25 23:00:00,Annual,Number,Total,Males,Czechia,2020,5271996,,
ESTAT:DEMO_PJAN(1.0),23/07/25 23:00:00,Annual,Number,Total,Males,Czechia,2021,5170902,b,
ESTAT:DEMO_PJAN(1.0),23/07/25 23:00:00,Annual,Number,Total,Males,Czechia,2022,5183775,,
ESTAT:DEMO_PJAN(1.0),23/07/25 23:00:00,Annual,Number,Total,Males,Czechia,2023,5308523,,
ESTAT:DEMO_PJAN(1.0),23/07/25 23:00:00,Annual,Number,Total,Males,Czechia,2024,5342610,,
ESTAT:DEMO_PJAN(1.0),23/07/25 23:00:00,Annual,Number,Total,Males,Germany,2014,39556923,,
ESTAT:DEMO_PJAN(1.0),23/07/25 23:00:00,Annual,Number,Total,Males,Germany,2015,39835457,,
ESTAT:DEMO_PJAN(1.0),23/07/25 23:00:00,Annual,Number,Total,Males,Germany,2016,40514123,,
ESTAT:DEMO_PJAN(1.0),23/07/25 23:00:00,Annual,Number,Total,Males,Germany,2017,40697118,,
ESTAT:DEMO_PJAN(1.0),23/07/25 23:00:00,Annual,Number,Total,Males,Germany,2018,40843565,,
ESTAT:DEMO_PJAN(1.0),23/07/25 23:00:00,Annual,Number,Total,Males,Germany,2019,40966691,,
ESTAT:DEMO_PJAN(1.0),23/07/25 23:00:00,Annual,Number,Total,Males,Germany,2020,41037613,,
ESTAT:DEMO_PJAN(1.0),23/07/25 23:00:00,Annual,Number,Total,Males,Germany,2021,41026519,,
ESTAT:DEMO_PJAN(1.0),23/07/25 23:00:00,Annual,Number,Total,Males,Germany,2022,41066785,,
ESTAT:DEMO_PJAN(1.0),23/07/25 23:00:00,Annual,Number,Total,Males,Germany,2023,40919705,b,
ESTAT:DEMO_PJAN(1.0),23/07/25 23:00:00,Annual,Number,Total,Males,Germany,2024,41161931,,
ESTAT:DEMO_PJAN(1.0),23/07/25 23:00:00,Annual,Number,Total,Males,Germany including former GDR,2014,39556923,,
ESTAT:DEMO_PJAN(1.0),23/07/25 23:00:00,Annual,Number,Total,Males,Germany including former GDR,2015,39835457,,
ESTAT:DEMO_PJAN(1.0),23/07/25 23:00:00,Annual,Number,Total,Males,Germany including former GDR,2016,40514123,,
ESTAT:DEMO_PJAN(1.0),23/07/25 23:00:00,Annual,Number,Total,Males,Germany including former GDR,2017,40697118,,
ESTAT:DEMO_PJAN(1.0),23/07/25 23:00:00,Annual,Number,Total,Males,Germany including former GDR,2018,40843565,,
ESTAT:DEMO_PJAN(1.0),23/07/25 23:00:00,Annual,Number,Total,Males,Germany including former GDR,2019,40966691,,
ESTAT:DEMO_PJAN(1.0),23/07/25 23:00:00,Annual,Number,Total,Males,Germany including former GDR,2020,41037613,,
ESTAT:DEMO_PJAN(1.0),23/07/25 23:00:00,Annual,Number,Total,Males,Germany including former GDR,2021,41026519,,
ESTAT:DEMO_PJAN(1.0),23/07/25 23:00:00,Annual,Number,Total,Males,Germany including former GDR,2022,41066785,,
ESTAT:DEMO_PJAN(1.0),23/07/25 23:00:00,Annual,Number,Total,Males,Germany including former GDR,2023,40919705,b,
ESTAT:DEMO_PJAN(1.0),23/07/25 23:00:00,Annual,Number,Total,Males,Germany including former GDR,2024,41161931,,
ESTAT:DEMO_PJAN(1.0),23/07/25 23:00:00,Annual,Number,Total,Males,Denmark,2014,2792279,,
ESTAT:DEMO_PJAN(1.0),23/07/25 23:00:00,Annual,Number,Total,Males,Denmark,2015,2811014,,
ESTAT:DEMO_PJAN(1.0),23/07/25 23:00:00,Annual,Number,Total,Males,Denmark,2016,2837887,,
ESTAT:DEMO_PJAN(1.0),23/07/25 23:00:00,Annual,Number,Total,Males,Denmark,2017,2860178,,
ESTAT:DEMO_PJAN(1.0),23/07/25 23:00:00,Annual,Number,Total,Males,Denmark,2018,2876473,,
ESTAT:DEMO_PJAN(1.0),23/07/25 23:00:00,Annual,Number,Total,Males,Denmark,2019,2889073,,
ESTAT:DEMO_PJAN(1.0),23/07/25 23:00:00,Annual,Number,Total,Males,Denmark,2020,2896918,,
ESTAT:DEMO_PJAN(1.0),23/07/25 23:00:00,Annual,Number,Total,Males,Denmark,2021,2904857,,
ESTAT:DEMO_PJAN(1.0),23/07/25 23:00:00,Annual,Number,Total,Males,Denmark,2022,2922915,,
ESTAT:DEMO_PJAN(1.0),23/07/25 23:00:00,Annual,Number,Total,Males,Denmark,2023,2948999,,
ESTAT:DEMO_PJAN(1.0),23/07/25 23:00:00,Annual,Number,Total,Males,Denmark,2024,2963691,,
ESTAT:DEMO_PJAN(1.0),23/07/25 23:00:00,Annual,Number,Total,Males,Estonia,2014,614919,,
ESTAT:DEMO_PJAN(1.0),23/07/25 23:00:00,Annual,Number,Total,Males,Estonia,2015,614704,b,
ESTAT:DEMO_PJAN(1.0),23/07/25 23:00:00,Annual,Number,Total,Males,Estonia,2016,616708,,
ESTAT:DEMO_PJAN(1.0),23/07/25 23:00:00,Annual,Number,Total,Males,Estonia,2017,617538,,
ESTAT:DEMO_PJAN(1.0),23/07/25 23:00:00,Annual,Number,Total,Males,Estonia,2018,621084,,
ESTAT:DEMO_PJAN(1.0),23/07/25 23:00:00,Annual,Number,Total,Males,Estonia,2019,625635,,
ESTAT:DEMO_PJAN(1.0),23/07/25 23:00:00,Annual,Number,Total,Males,Estonia,2020,629277,,
ESTAT:DEMO_PJAN(1.0),23/07/25 23:00:00,Annual,Number,Total,Males,Estonia,2021,630915,,
ESTAT:DEMO_PJAN(1.0),23/07/25 23:00:00,Annual,Number,Total,Males,Estonia,2022,633415,,
ESTAT:DEMO_PJAN(1.0),23/07/25 23:00:00,Annual,Number,Total,Males,Estonia,2023,647366,,
ESTAT:DEMO_PJAN(1.0),23/07/25 23:00:00,Annual,Number,Total,Males,Estonia,2024,651613,,
ESTAT:DEMO_PJAN(1.0),23/07/25 23:00:00,Annual,Number,Total,Males,Greece,2014,5313239,,
ESTAT:DEMO_PJAN(1.0),23/07/25 23:00:00,Annual,Number,Total,Males,Greece,2015,5268390,,
ESTAT:DEMO_PJAN(1.0),23/07/25 23:00:00,Annual,Number,Total,Males,Greece,2016,5224210,,
ESTAT:DEMO_PJAN(1.0),23/07/25 23:00:00,Annual,Number,Total,Males,Greece,2017,5221277,,
ESTAT:DEMO_PJAN(1.0),23/07/25 23:00:00,Annual,Number,Total,Males,Greece,2018,5210040,,
ESTAT:DEMO_PJAN(1.0),23/07/25 23:00:00,Annual,Number,Total,Males,Greece,2019,5208293,,
ESTAT:DEMO_PJAN(1.0),23/07/25 23:00:00,Annual,Number,Total,Males,Greece,2020,5215488,,
ESTAT:DEMO_PJAN(1.0),23/07/25 23:00:00,Annual,Number,Total,Males,Greece,2021,5196048,,
ESTAT:DEMO_PJAN(1.0),23/07/25 23:00:00,Annual,Number,Total,Males,Greece,2022,5114747,b,
ESTAT:DEMO_PJAN(1.0),23/07/25 23:00:00,Annual,Number,Total,Males,Greece,2023,5093339,,
ESTAT:DEMO_PJAN(1.0),23/07/25 23:00:00,Annual,Number,Total,Males,Greece,2024,5096893,,
ESTAT:DEMO_PJAN(1.0),23/07/25 23:00:00,Annual,Number,Total,Males,Spain,2014,22874710,,
ESTAT:DEMO_PJAN(1.0),23/07/25 23:00:00,Annual,Number,Total,Males,Spain,2015,22822721,,
ESTAT:DEMO_PJAN(1.0),23/07/25 23:00:00,Annual,Number,Total,Males,Spain,2016,22806445,,
ESTAT:DEMO_PJAN(1.0),23/07/25 23:00:00,Annual,Number,Total,Males,Spain,2017,22831107,,
ESTAT:DEMO_PJAN(1.0),23/07/25 23:00:00,Annual,Number,Total,Males,Spain,2018,22889600,,
ESTAT:DEMO_PJAN(1.0),23/07/25 23:00:00,Annual,Number,Total,Males,Spain,2019,23016783,,
ESTAT:DEMO_PJAN(1.0),23/07/25 23:00:00,Annual,Number,Total,Males,Spain,2020,23210668,,
ESTAT:DEMO_PJAN(1.0),23/07/25 23:00:00,Annual,Number,Total,Males,Spain,2021,23248611,,
ESTAT:DEMO_PJAN(1.0),23/07/25 23:00:00,Annual,Number,Total,Males,Spain,2022,23288797,,
ESTAT:DEMO_PJAN(1.0),23/07/25 23:00:00,Annual,Number,Total,Males,Spain,2023,23565593,,
ESTAT:DEMO_PJAN(1.0),23/07/25 23:00:00,Annual,Number,Total,Males,Spain,2024,23826871,,
ESTAT:DEMO_PJAN(1.0),23/07/25 23:00:00,Annual,Number,Total,Males,Finland,2014,2680364,,
ESTAT:DEMO_PJAN(1.0),23/07/25 23:00:00,Annual,Number,Total,Males,Finland,2015,2691863,,
ESTAT:DEMO_PJAN(1.0),23/07/25 23:00:00,Annual,Number,Total,Males,Finland,2016,2701490,,
ESTAT:DEMO_PJAN(1.0),23/07/25 23:00:00,Annual,Number,Total,Males,Finland,2017,2712327,,
ESTAT:DEMO_PJAN(1.0),23/07/25 23:00:00,Annual,Number,Total,Males,Finland,2018,2719131,,
ESTAT:DEMO_PJAN(1.0),23/07/25 23:00:00,Annual,Number,Total,Males,Finland,2019,2723290,,
ESTAT:DEMO_PJAN(1.0),23/07/25 23:00:00,Annual,Number,Total,Males,Finland,2020,2728262,,
ESTAT:DEMO_PJAN(1.0),23/07/25 23:00:00,Annual,Number,Total,Males,Finland,2021,2733808,,
ESTAT:DEMO_PJAN(1.0),23/07/25 23:00:00,Annual,Number,Total,Males,Finland,2022,2743101,,
ESTAT:DEMO_PJAN(1.0),23/07/25 23:00:00,Annual,Number,Total,Males,Finland,2023,2753477,,
ESTAT:DEMO_PJAN(1.0),23/07/25 23:00:00,Annual,Number,Total,Males,Finland,2024,2773898,,
ESTAT:DEMO_PJAN(1.0),23/07/25 23:00:00,Annual,Number,Total,Males,France,2014,32045129,b,
ESTAT:DEMO_PJAN(1.0),23/07/25 23:00:00,Annual,Number,Total,Males,France,2015,32174258,,
ESTAT:DEMO_PJAN(1.0),23/07/25 23:00:00,Annual,Number,Total,Males,France,2016,32247386,,
ESTAT:DEMO_PJAN(1.0),23/07/25 23:00:00,Annual,Number,Total,Males,France,2017,32314352,,
ESTAT:DEMO_PJAN(1.0),23/07/25 23:00:00,Annual,Number,Total,Males,France,2018,32414230,p,
ESTAT:DEMO_PJAN(1.0),23/07/25 23:00:00,Annual,Number,Total,Males,France,2019,32551339,,
ESTAT:DEMO_PJAN(1.0),23/07/25 23:00:00,Annual,Number,Total,Males,France,2020,32644981,,
ESTAT:DEMO_PJAN(1.0),23/07/25 23:00:00,Annual,Number,Total,Males,France,2021,32782095,,
ESTAT:DEMO_PJAN(1.0),23/07/25 23:00:00,Annual,Number,Total,Males,France,2022,32982626,,
ESTAT:DEMO_PJAN(1.0),23/07/25 23:00:00,Annual,Number,Total,Males,France,2023,33088401,p,
ESTAT:DEMO_PJAN(1.0),23/07/25 23:00:00,Annual,Number,Total,Males,France,2024,33196079,p,
ESTAT:DEMO_PJAN(1.0),23/07/25 23:00:00,Annual,Number,Total,Males,Georgia,2014,2141372,,
ESTAT:DEMO_PJAN(1.0),23/07/25 23:00:00,Annual,Number,Total,Males,Georgia,2015,1778500,b,
ESTAT:DEMO_PJAN(1.0),23/07/25 23:00:00,Annual,Number,Total,Males,Georgia,2016,1779500,,
ESTAT:DEMO_PJAN(1.0),23/07/25 23:00:00,Annual,Number,Total,Males,Georgia,2017,1781500,,
ESTAT:DEMO_PJAN(1.0),23/07/25 23:00:00,Annual,Number,Total,Males,Georgia,2018,1791559,,
ESTAT:DEMO_PJAN(1.0),23/07/25 23:00:00,Annual,Number,Total,Males,Georgia,2019,1790899,,
ESTAT:DEMO_PJAN(1.0),23/07/25 23:00:00,Annual,Number,Total,Males,Georgia,2020,1790279,,
ESTAT:DEMO_PJAN(1.0),23/07/25 23:00:00,Annual,Number,Total,Males,Georgia,2021,1796223,,
ESTAT:DEMO_PJAN(1.0),23/07/25 23:00:00,Annual,Number,Total,Males,Georgia,2022,1769995,,
ESTAT:DEMO_PJAN(1.0),23/07/25 23:00:00,Annual,Number,Total,Males,Georgia,2023,1793820,,
ESTAT:DEMO_PJAN(1.0),23/07/25 23:00:00,Annual,Number,Total,Males,Georgia,2024,1774469,,
ESTAT:DEMO_PJAN(1.0),23/07/25 23:00:00,Annual,Number,Total,Males,Croatia,2014,2030986,,
ESTAT:DEMO_PJAN(1.0),23/07/25 23:00:00,Annual,Number,Total,Males,Croatia,2015,2010756,,
ESTAT:DEMO_PJAN(1.0),23/07/25 23:00:00,Annual,Number,Total,Males,Croatia,2016,1984691,,
ESTAT:DEMO_PJAN(1.0),23/07/25 23:00:00,Annual,Number,Total,Males,Croatia,2017,1956684,,
ESTAT:DEMO_PJAN(1.0),23/07/25 23:00:00,Annual,Number,Total,Males,Croatia,2018,1923380,,
ESTAT:DEMO_PJAN(1.0),23/07/25 23:00:00,Annual,Number,Total,Males,Croatia,2019,1903803,,
ESTAT:DEMO_PJAN(1.0),23/07/25 23:00:00,Annual,Number,Total,Males,Croatia,2020,1891983,,
ESTAT:DEMO_PJAN(1.0),23/07/25 23:00:00,Annual,Number,Total,Males,Croatia,2021,1874023,,
ESTAT:DEMO_PJAN(1.0),23/07/25 23:00:00,Annual,Number,Total,Males,Croatia,2022,1862293,,
ESTAT:DEMO_PJAN(1.0),23/07/25 23:00:00,Annual,Number,Total,Males,Croatia,2023,1861866,,
ESTAT:DEMO_PJAN(1.0),23/07/25 23:00:00,Annual,Number,Total,Males,Croatia,2024,1875410,,
ESTAT:DEMO_PJAN(1.0),23/07/25 23:00:00,Annual,Number,Total,Males,Hungary,2014,4697447,,
ESTAT:DEMO_PJAN(1.0),23/07/25 23:00:00,Annual,Number,Total,Males,Hungary,2015,4687436,,
ESTAT:DEMO_PJAN(1.0),23/07/25 23:00:00,Annual,Number,Total,Males,Hungary,2016,4678478,,
ESTAT:DEMO_PJAN(1.0),23/07/25 23:00:00,Annual,Number,Total,Males,Hungary,2017,4663753,,
ESTAT:DEMO_PJAN(1.0),23/07/25 23:00:00,Annual,Number,Total,Males,Hungary,2018,4658683,,
ESTAT:DEMO_PJAN(1.0),23/07/25 23:00:00,Annual,Number,Total,Males,Hungary,2019,4660856,,
ESTAT:DEMO_PJAN(1.0),23/07/25 23:00:00,Annual,Number,Total,Males,Hungary,2020,4663876,,
ESTAT:DEMO_PJAN(1.0),23/07/25 23:00:00,Annual,Number,Total,Males,Hungary,2021,4647359,,
ESTAT:DEMO_PJAN(1.0),23/07/25 23:00:00,Annual,Number,Total,Males,Hungary,2022,4628875,,
ESTAT:DEMO_PJAN(1.0),23/07/25 23:00:00,Annual,Number,Total,Males,Hungary,2023,4625260,,
ESTAT:DEMO_PJAN(1.0),23/07/25 23:00:00,Annual,Number,Total,Males,Hungary,2024,4623378,,
ESTAT:DEMO_PJAN(1.0),23/07/25 23:00:00,Annual,Number,Total,Males,Ireland,2014,2295850,,
ESTAT:DEMO_PJAN(1.0),23/07/25 23:00:00,Annual,Number,Total,Males,Ireland,2015,2313342,,
ESTAT:DEMO_PJAN(1.0),23/07/25 23:00:00,Annual,Number,Total,Males,Ireland,2016,2339141,,
ESTAT:DEMO_PJAN(1.0),23/07/25 23:00:00,Annual,Number,Total,Males,Ireland,2017,2374956,,
ESTAT:DEMO_PJAN(1.0),23/07/25 23:00:00,Annual,Number,Total,Males,Ireland,2018,2404390,,
ESTAT:DEMO_PJAN(1.0),23/07/25 23:00:00,Annual,Number,Total,Males,Ireland,2019,2446814,,
ESTAT:DEMO_PJAN(1.0),23/07/25 23:00:00,Annual,Number,Total,Males,Ireland,2020,2481712,,
ESTAT:DEMO_PJAN(1.0),23/07/25 23:00:00,Annual,Number,Total,Males,Ireland,2021,2509184,,
ESTAT:DEMO_PJAN(1.0),23/07/25 23:00:00,Annual,Number,Total,Males,Ireland,2022,2550232,,
ESTAT:DEMO_PJAN(1.0),23/07/25 23:00:00,Annual,Number,Total,Males,Ireland,2023,2604547,,
ESTAT:DEMO_PJAN(1.0),23/07/25 23:00:00,Annual,Number,Total,Males,Ireland,2024,2643375,,
ESTAT:DEMO_PJAN(1.0),23/07/25 23:00:00,Annual,Number,Total,Males,Iceland,2014,163318,,
ESTAT:DEMO_PJAN(1.0),23/07/25 23:00:00,Annual,Number,Total,Males,Iceland,2015,165186,,
ESTAT:DEMO_PJAN(1.0),23/07/25 23:00:00,Annual,Number,Total,Males,Iceland,2016,167270,,
ESTAT:DEMO_PJAN(1.0),23/07/25 23:00:00,Annual,Number,Total,Males,Iceland,2017,171033,,
ESTAT:DEMO_PJAN(1.0),23/07/25 23:00:00,Annual,Number,Total,Males,Iceland,2018,177600,,
ESTAT:DEMO_PJAN(1.0),23/07/25 23:00:00,Annual,Number,Total,Males,Iceland,2019,182837,,
ESTAT:DEMO_PJAN(1.0),23/07/25 23:00:00,Annual,Number,Total,Males,Iceland,2020,186941,,
ESTAT:DEMO_PJAN(1.0),23/07/25 23:00:00,Annual,Number,Total,Males,Iceland,2021,189043,,
ESTAT:DEMO_PJAN(1.0),23/07/25 23:00:00,Annual,Number,Total,Males,Iceland,2022,193095,,
ESTAT:DEMO_PJAN(1.0),23/07/25 23:00:00,Annual,Number,Total,Males,Iceland,2023,199958,,
ESTAT:DEMO_PJAN(1.0),23/07/25 23:00:00,Annual,Number,Total,Males,Iceland,2024,196552,,
ESTAT:DEMO_PJAN(1.0),23/07/25 23:00:00,Annual,Number,Total,Males,Italy,2014,29241521,,
ESTAT:DEMO_PJAN(1.0),23/07/25 23:00:00,Annual,Number,Total,Males,Italy,2015,29228315,,
ESTAT:DEMO_PJAN(1.0),23/07/25 23:00:00,Annual,Number,Total,Males,Italy,2016,29193044,,
ESTAT:DEMO_PJAN(1.0),23/07/25 23:00:00,Annual,Number,Total,Males,Italy,2017,29178654,,
ESTAT:DEMO_PJAN(1.0),23/07/25 23:00:00,Annual,Number,Total,Males,Italy,2018,29156469,,
ESTAT:DEMO_PJAN(1.0),23/07/25 23:00:00,Annual,Number,Total,Males,Italy,2019,29131195,b,
ESTAT:DEMO_PJAN(1.0),23/07/25 23:00:00,Annual,Number,Total,Males,Italy,2020,29050096,,
ESTAT:DEMO_PJAN(1.0),23/07/25 23:00:00,Annual,Number,Total,Males,Italy,2021,28866226,,
ESTAT:DEMO_PJAN(1.0),23/07/25 23:00:00,Annual,Number,Total,Males,Italy,2022,28818956,,
ESTAT:DEMO_PJAN(1.0),23/07/25 23:00:00,Annual,Number,Total,Males,Italy,2023,28814832,,
ESTAT:DEMO_PJAN(1.0),23/07/25 23:00:00,Annual,Number,Total,Males,Italy,2024,28846728,,
ESTAT:DEMO_PJAN(1.0),23/07/25 23:00:00,Annual,Number,Total,Males,Liechtenstein,2014,18400,,
ESTAT:DEMO_PJAN(1.0),23/07/25 23:00:00,Annual,Number,Total,Males,Liechtenstein,2015,18553,,
ESTAT:DEMO_PJAN(1.0),23/07/25 23:00:00,Annual,Number,Total,Males,Liechtenstein,2016,18660,,
ESTAT:DEMO_PJAN(1.0),23/07/25 23:00:00,Annual,Number,Total,Males,Liechtenstein,2017,18746,,
ESTAT:DEMO_PJAN(1.0),23/07/25 23:00:00,Annual,Number,Total,Males,Liechtenstein,2018,18890,,
ESTAT:DEMO_PJAN(1.0),23/07/25 23:00:00,Annual,Number,Total,Males,Liechtenstein,2019,19025,,
ESTAT:DEMO_PJAN(1.0),23/07/25 23:00:00,Annual,Number,Total,Males,Liechtenstein,2020,19215,,
ESTAT:DEMO_PJAN(1.0),23/07/25 23:00:00,Annual,Number,Total,Males,Liechtenstein,2021,19368,,
ESTAT:DEMO_PJAN(1.0),23/07/25 23:00:00,Annual,Number,Total,Males,Liechtenstein,2022,19496,,
ESTAT:DEMO_PJAN(1.0),23/07/25 23:00:00,Annual,Number,Total,Males,Liechtenstein,2023,19688,,
ESTAT:DEMO_PJAN(1.0),23/07/25 23:00:00,Annual,Number,Total,Males,Liechtenstein,2024,19859,,
ESTAT:DEMO_PJAN(1.0),23/07/25 23:00:00,Annual,Number,Total,Males,Lithuania,2014,1356415,,
ESTAT:DEMO_PJAN(1.0),23/07/25 23:00:00,Annual,Number,Total,Males,Lithuania,2015,1346390,,
ESTAT:DEMO_PJAN(1.0),23/07/25 23:00:00,Annual,Number,Total,Males,Lithuania,2016,1331734,,
ESTAT:DEMO_PJAN(1.0),23/07/25 23:00:00,Annual,Number,Total,Males,Lithuania,2017,1314678,,
ESTAT:DEMO_PJAN(1.0),23/07/25 23:00:00,Annual,Number,Total,Males,Lithuania,2018,1300044,,
ESTAT:DEMO_PJAN(1.0),23/07/25 23:00:00,Annual,Number,Total,Males,Lithuania,2019,1295184,,
ESTAT:DEMO_PJAN(1.0),23/07/25 23:00:00,Annual,Number,Total,Males,Lithuania,2020,1299477,,
ESTAT:DEMO_PJAN(1.0),23/07/25 23:00:00,Annual,Number,Total,Males,Lithuania,2021,1304965,,
ESTAT:DEMO_PJAN(1.0),23/07/25 23:00:00,Annual,Number,Total,Males,Lithuania,2022,1306599,,
ESTAT:DEMO_PJAN(1.0),23/07/25 23:00:00,Annual,Number,Total,Males,Lithuania,2023,1335816,,
ESTAT:DEMO_PJAN(1.0),23/07/25 23:00:00,Annual,Number,Total,Males,Lithuania,2024,1365905,,
ESTAT:DEMO_PJAN(1.0),23/07/25 23:00:00,Annual,Number,Total,Males,Luxembourg,2014,275117,,
ESTAT:DEMO_PJAN(1.0),23/07/25 23:00:00,Annual,Number,Total,Males,Luxembourg,2015,281972,,
ESTAT:DEMO_PJAN(1.0),23/07/25 23:00:00,Annual,Number,Total,Males,Luxembourg,2016,289193,,
ESTAT:DEMO_PJAN(1.0),23/07/25 23:00:00,Annual,Number,Total,Males,Luxembourg,2017,296641,b,
ESTAT:DEMO_PJAN(1.0),23/07/25 23:00:00,Annual,Number,Total,Males,Luxembourg,2018,302580,,
ESTAT:DEMO_PJAN(1.0),23/07/25 23:00:00,Annual,Number,Total,Males,Luxembourg,2019,308720,,
ESTAT:DEMO_PJAN(1.0),23/07/25 23:00:00,Annual,Number,Total,Males,Luxembourg,2020,314964,,
ESTAT:DEMO_PJAN(1.0),23/07/25 23:00:00,Annual,Number,Total,Males,Luxembourg,2021,319456,,
ESTAT:DEMO_PJAN(1.0),23/07/25 23:00:00,Annual,Number,Total,Males,Luxembourg,2022,325064,,
ESTAT:DEMO_PJAN(1.0),23/07/25 23:00:00,Annual,Number,Total,Males,Luxembourg,2023,332444,,
ESTAT:DEMO_PJAN(1.0),23/07/25 23:00:00,Annual,Number,Total,Males,Luxembourg,2024,338274,,
ESTAT:DEMO_PJAN(1.0),23/07/25 23:00:00,Annual,Number,Total,Males,Latvia,2014,917045,,
ESTAT:DEMO_PJAN(1.0),23/07/25 23:00:00,Annual,Number,Total,Males,Latvia,2015,911207,,
ESTAT:DEMO_PJAN(1.0),23/07/25 23:00:00,Annual,Number,Total,Males,Latvia,2016,904299,,
ESTAT:DEMO_PJAN(1.0),23/07/25 23:00:00,Annual,Number,Total,Males,Latvia,2017,895683,,
ESTAT:DEMO_PJAN(1.0),23/07/25 23:00:00,Annual,Number,Total,Males,Latvia,2018,889641,,
ESTAT:DEMO_PJAN(1.0),23/07/25 23:00:00,Annual,Number,Total,Males,Latvia,2019,884909,,
ESTAT:DEMO_PJAN(1.0),23/07/25 23:00:00,Annual,Number,Total,Males,Latvia,2020,880956,,
ESTAT:DEMO_PJAN(1.0),23/07/25 23:00:00,Annual,Number,Total,Males,Latvia,2021,875225,,
ESTAT:DEMO_PJAN(1.0),23/07/25 23:00:00,Annual,Number,Total,Males,Latvia,2022,869057,,
ESTAT:DEMO_PJAN(1.0),23/07/25 23:00:00,Annual,Number,Total,Males,Latvia,2023,872321,,
ESTAT:DEMO_PJAN(1.0),23/07/25 23:00:00,Annual,Number,Total,Males,Latvia,2024,868740,,
ESTAT:DEMO_PJAN(1.0),23/07/25 23:00:00,Annual,Number,Total,Males,Monaco,2024,18892,,
ESTAT:DEMO_PJAN(1.0),23/07/25 23:00:00,Annual,Number,Total,Males,Moldova,2014,1711506,,
ESTAT:DEMO_PJAN(1.0),23/07/25 23:00:00,Annual,Number,Total,Males,Moldova,2015,1375786,be,
ESTAT:DEMO_PJAN(1.0),23/07/25 23:00:00,Annual,Number,Total,Males,Moldova,2016,1368347,e,
ESTAT:DEMO_PJAN(1.0),23/07/25 23:00:00,Annual,Number,Total,Males,Moldova,2017,1360010,e,
ESTAT:DEMO_PJAN(1.0),23/07/25 23:00:00,Annual,Number,Total,Males,Moldova,2018,1334515,e,
ESTAT:DEMO_PJAN(1.0),23/07/25 23:00:00,Annual,Number,Total,Males,Moldova,2019,1304895,e,
ESTAT:DEMO_PJAN(1.0),23/07/25 23:00:00,Annual,Number,Total,Males,Moldova,2020,1282064,e,
ESTAT:DEMO_PJAN(1.0),23/07/25 23:00:00,Annual,Number,Total,Males,Moldova,2021,1262198,e,
ESTAT:DEMO_PJAN(1.0),23/07/25 23:00:00,Annual,Number,Total,Males,Moldova,2022,1218166,e,
ESTAT:DEMO_PJAN(1.0),23/07/25 23:00:00,Annual,Number,Total,Males,Moldova,2023,1187596,ep,
ESTAT:DEMO_PJAN(1.0),23/07/25 23:00:00,Annual,Number,Total,Males,Moldova,2024,1129489,ep,
ESTAT:DEMO_PJAN(1.0),23/07/25 23:00:00,Annual,Number,Total,Males,Montenegro,2014,307155,,
ESTAT:DEMO_PJAN(1.0),23/07/25 23:00:00,Annual,Number,Total,Males,Montenegro,2015,307522,,
ESTAT:DEMO_PJAN(1.0),23/07/25 23:00:00,Annual,Number,Total,Males,Montenegro,2016,307734,,
ESTAT:DEMO_PJAN(1.0),23/07/25 23:00:00,Annual,Number,Total,Males,Montenegro,2017,307752,,
ESTAT:DEMO_PJAN(1.0),23/07/25 23:00:00,Annual,Number,Total,Males,Montenegro,2018,307741,,
ESTAT:DEMO_PJAN(1.0),23/07/25 23:00:00,Annual,Number,Total,Males,Montenegro,2019,307712,,
ESTAT:DEMO_PJAN(1.0),23/07/25 23:00:00,Annual,Number,Total,Males,Montenegro,2020,307555,,
ESTAT:DEMO_PJAN(1.0),23/07/25 23:00:00,Annual,Number,Total,Males,Montenegro,2021,306864,,
ESTAT:DEMO_PJAN(1.0),23/07/25 23:00:00,Annual,Number,Total,Males,Montenegro,2022,305174,,
ESTAT:DEMO_PJAN(1.0),23/07/25 23:00:00,Annual,Number,Total,Males,Montenegro,2023,304691,,
ESTAT:DEMO_PJAN(1.0),23/07/25 23:00:00,Annual,Number,Total,Males,Montenegro,2024,306826,,
ESTAT:DEMO_PJAN(1.0),23/07/25 23:00:00,Annual,Number,Total,Males,North Macedonia,2014,1034841,,
ESTAT:DEMO_PJAN(1.0),23/07/25 23:00:00,Annual,Number,Total,Males,North Macedonia,2015,1036518,,
ESTAT:DEMO_PJAN(1.0),23/07/25 23:00:00,Annual,Number,Total,Males,North Macedonia,2016,1037601,,
ESTAT:DEMO_PJAN(1.0),23/07/25 23:00:00,Annual,Number,Total,Males,North Macedonia,2017,1038613,,
ESTAT:DEMO_PJAN(1.0),23/07/25 23:00:00,Annual,Number,Total,Males,North Macedonia,2018,1039283,,
ESTAT:DEMO_PJAN(1.0),23/07/25 23:00:00,Annual,Number,Total,Males,North Macedonia,2019,1040200,,
ESTAT:DEMO_PJAN(1.0),23/07/25 23:00:00,Annual,Number,Total,Males,North Macedonia,2020,1039716,,
ESTAT:DEMO_PJAN(1.0),23/07/25 23:00:00,Annual,Number,Total,Males,North Macedonia,2021,1035218,,
ESTAT:DEMO_PJAN(1.0),23/07/25 23:00:00,Annual,Number,Total,Males,North Macedonia,2022,911015,b,
ESTAT:DEMO_PJAN(1.0),23/07/25 23:00:00,Annual,Number,Total,Males,North Macedonia,2023,907033,,
ESTAT:DEMO_PJAN(1.0),23/07/25 23:00:00,Annual,Number,Total,Males,North Macedonia,2024,904739,,
ESTAT:DEMO_PJAN(1.0),23/07/25 23:00:00,Annual,Number,Total,Males,Malta,2014,214221,,
ESTAT:DEMO_PJAN(1.0),23/07/25 23:00:00,Annual,Number,Total,Males,Malta,2015,220495,,
ESTAT:DEMO_PJAN(1.0),23/07/25 23:00:00,Annual,Number,Total,Males,Malta,2016,226508,,
ESTAT:DEMO_PJAN(1.0),23/07/25 23:00:00,Annual,Number,Total,Males,Malta,2017,231743,,
ESTAT:DEMO_PJAN(1.0),23/07/25 23:00:00,Annual,Number,Total,Males,Malta,2018,240738,,
ESTAT:DEMO_PJAN(1.0),23/07/25 23:00:00,Annual,Number,Total,Males,Malta,2019,252181,,
ESTAT:DEMO_PJAN(1.0),23/07/25 23:00:00,Annual,Number,Total,Males,Malta,2020,266559,,
ESTAT:DEMO_PJAN(1.0),23/07/25 23:00:00,Annual,Number,Total,Males,Malta,2021,267614,,
ESTAT:DEMO_PJAN(1.0),23/07/25 23:00:00,Annual,Number,Total,Males,Malta,2022,270469,,
ESTAT:DEMO_PJAN(1.0),23/07/25 23:00:00,Annual,Number,Total,Males,Malta,2023,284821,,
ESTAT:DEMO_PJAN(1.0),23/07/25 23:00:00,Annual,Number,Total,Males,Malta,2024,298746,,
ESTAT:DEMO_PJAN(1.0),23/07/25 23:00:00,Annual,Number,Total,Males,Netherlands,2014,8334385,,
ESTAT:DEMO_PJAN(1.0),23/07/25 23:00:00,Annual,Number,Total,Males,Netherlands,2015,8372858,,
ESTAT:DEMO_PJAN(1.0),23/07/25 23:00:00,Annual,Number,Total,Males,Netherlands,2016,8417135,,
ESTAT:DEMO_PJAN(1.0),23/07/25 23:00:00,Annual,Number,Total,Males,Netherlands,2017,8475102,,
ESTAT:DEMO_PJAN(1.0),23/07/25 23:00:00,Annual,Number,Total,Males,Netherlands,2018,8527041,,
ESTAT:DEMO_PJAN(1.0),23/07/25 23:00:00,Annual,Number,Total,Males,Netherlands,2019,8581086,,
ESTAT:DEMO_PJAN(1.0),23/07/25 23:00:00,Annual,Number,Total,Males,Netherlands,2020,8648031,,
ESTAT:DEMO_PJAN(1.0),23/07/25 23:00:00,Annual,Number,Total,Males,Netherlands,2021,8686536,,
ESTAT:DEMO_PJAN(1.0),23/07/25 23:00:00,Annual,Number,Total,Males,Netherlands,2022,8745468,,
ESTAT:DEMO_PJAN(1.0),23/07/25 23:00:00,Annual,Number,Total,Males,Netherlands,2023,8850309,,
ESTAT:DEMO_PJAN(1.0),23/07/25 23:00:00,Annual,Number,Total,Males,Netherlands,2024,8920768,,
ESTAT:DEMO_PJAN(1.0),23/07/25 23:00:00,Annual,Number,Total,Males,Norway,2014,2567434,,
ESTAT:DEMO_PJAN(1.0),23/07/25 23:00:00,Annual,Number,Total,Males,Norway,2015,2598824,,
ESTAT:DEMO_PJAN(1.0),23/07/25 23:00:00,Annual,Number,Total,Males,Norway,2016,2625111,,
ESTAT:DEMO_PJAN(1.0),23/07/25 23:00:00,Annual,Number,Total,Males,Norway,2017,2649130,,
ESTAT:DEMO_PJAN(1.0),23/07/25 23:00:00,Annual,Number,Total,Males,Norway,2018,2668371,,
ESTAT:DEMO_PJAN(1.0),23/07/25 23:00:00,Annual,Number,Total,Males,Norway,2019,2685073,,
ESTAT:DEMO_PJAN(1.0),23/07/25 23:00:00,Annual,Number,Total,Males,Norway,2020,2706562,,
ESTAT:DEMO_PJAN(1.0),23/07/25 23:00:00,Annual,Number,Total,Males,Norway,2021,2719259,,
ESTAT:DEMO_PJAN(1.0),23/07/25 23:00:00,Annual,Number,Total,Males,Norway,2022,2737332,,
ESTAT:DEMO_PJAN(1.0),23/07/25 23:00:00,Annual,Number,Total,Males,Norway,2023,2765470,,
ESTAT:DEMO_PJAN(1.0),23/07/25 23:00:00,Annual,Number,Total,Males,Norway,2024,2795728,,
ESTAT:DEMO_PJAN(1.0),23/07/25 23:00:00,Annual,Number,Total,Males,Poland,2014,18403964,,
ESTAT:DEMO_PJAN(1.0),23/07/25 23:00:00,Annual,Number,Total,Males,Poland,2015,18397163,,
ESTAT:DEMO_PJAN(1.0),23/07/25 23:00:00,Annual,Number,Total,Males,Poland,2016,18377040,,
ESTAT:DEMO_PJAN(1.0),23/07/25 23:00:00,Annual,Number,Total,Males,Poland,2017,18377837,,
ESTAT:DEMO_PJAN(1.0),23/07/25 23:00:00,Annual,Number,Total,Males,Poland,2018,18380299,,
ESTAT:DEMO_PJAN(1.0),23/07/25 23:00:00,Annual,Number,Total,Males,Poland,2019,18380376,,
ESTAT:DEMO_PJAN(1.0),23/07/25 23:00:00,Annual,Number,Total,Males,Poland,2020,18373381,,
ESTAT:DEMO_PJAN(1.0),23/07/25 23:00:00,Annual,Number,Total,Males,Poland,2021,17942141,bep,
ESTAT:DEMO_PJAN(1.0),23/07/25 23:00:00,Annual,Number,Total,Males,Poland,2022,17846003,ep,
ESTAT:DEMO_PJAN(1.0),23/07/25 23:00:00,Annual,Number,Total,Males,Poland,2023,17773379,ep,
ESTAT:DEMO_PJAN(1.0),23/07/25 23:00:00,Annual,Number,Total,Males,Poland,2024,17705971,ep,
ESTAT:DEMO_PJAN(1.0),23/07/25 23:00:00,Annual,Number,Total,Males,Portugal,2014,4965345,,
ESTAT:DEMO_PJAN(1.0),23/07/25 23:00:00,Annual,Number,Total,Males,Portugal,2015,4934668,,
ESTAT:DEMO_PJAN(1.0),23/07/25 23:00:00,Annual,Number,Total,Males,Portugal,2016,4919465,,
ESTAT:DEMO_PJAN(1.0),23/07/25 23:00:00,Annual,Number,Total,Males,Portugal,2017,4907936,,
ESTAT:DEMO_PJAN(1.0),23/07/25 23:00:00,Annual,Number,Total,Males,Portugal,2018,4902631,,
ESTAT:DEMO_PJAN(1.0),23/07/25 23:00:00,Annual,Number,Total,Males,Portugal,2019,4898614,,
ESTAT:DEMO_PJAN(1.0),23/07/25 23:00:00,Annual,Number,Total,Males,Portugal,2020,4926990,,
ESTAT:DEMO_PJAN(1.0),23/07/25 23:00:00,Annual,Number,Total,Males,Portugal,2021,4942871,,
ESTAT:DEMO_PJAN(1.0),23/07/25 23:00:00,Annual,Number,Total,Males,Portugal,2022,4967262,,
ESTAT:DEMO_PJAN(1.0),23/07/25 23:00:00,Annual,Number,Total,Males,Portugal,2023,5020648,,
ESTAT:DEMO_PJAN(1.0),23/07/25 23:00:00,Annual,Number,Total,Males,Portugal,2024,5083568,,
ESTAT:DEMO_PJAN(1.0),23/07/25 23:00:00,Annual,Number,Total,Males,Romania,2014,9746052,,
ESTAT:DEMO_PJAN(1.0),23/07/25 23:00:00,Annual,Number,Total,Males,Romania,2015,9707074,,
ESTAT:DEMO_PJAN(1.0),23/07/25 23:00:00,Annual,Number,Total,Males,Romania,2016,9649733,,
ESTAT:DEMO_PJAN(1.0),23/07/25 23:00:00,Annual,Number,Total,Males,Romania,2017,9602080,,
ESTAT:DEMO_PJAN(1.0),23/07/25 23:00:00,Annual,Number,Total,Males,Romania,2018,9554867,,
ESTAT:DEMO_PJAN(1.0),23/07/25 23:00:00,Annual,Number,Total,Males,Romania,2019,9500450,,
ESTAT:DEMO_PJAN(1.0),23/07/25 23:00:00,Annual,Number,Total,Males,Romania,2020,9460661,e,
ESTAT:DEMO_PJAN(1.0),23/07/25 23:00:00,Annual,Number,Total,Males,Romania,2021,9387590,,
ESTAT:DEMO_PJAN(1.0),23/07/25 23:00:00,Annual,Number,Total,Males,Romania,2022,9239811,e,
ESTAT:DEMO_PJAN(1.0),23/07/25 23:00:00,Annual,Number,Total,Males,Romania,2023,9263961,e,
ESTAT:DEMO_PJAN(1.0),23/07/25 23:00:00,Annual,Number,Total,Males,Romania,2024,9271370,e,
ESTAT:DEMO_PJAN(1.0),23/07/25 23:00:00,Annual,Number,Total,Males,Serbia,2014,3479863,,
ESTAT:DEMO_PJAN(1.0),23/07/25 23:00:00,Annual,Number,Total,Males,Serbia,2015,3464399,,
ESTAT:DEMO_PJAN(1.0),23/07/25 23:00:00,Annual,Number,Total,Males,Serbia,2016,3446258,,
ESTAT:DEMO_PJAN(1.0),23/07/25 23:00:00,Annual,Number,Total,Males,Serbia,2017,3429027,,
ESTAT:DEMO_PJAN(1.0),23/07/25 23:00:00,Annual,Number,Total,Males,Serbia,2018,3410592,,
ESTAT:DEMO_PJAN(1.0),23/07/25 23:00:00,Annual,Number,Total,Males,Serbia,2019,3392811,,
ESTAT:DEMO_PJAN(1.0),23/07/25 23:00:00,Annual,Number,Total,Males,Serbia,2020,3374639,,
ESTAT:DEMO_PJAN(1.0),23/07/25 23:00:00,Annual,Number,Total,Males,Serbia,2021,3345972,,
ESTAT:DEMO_PJAN(1.0),23/07/25 23:00:00,Annual,Number,Total,Males,Serbia,2022,3308035,,
ESTAT:DEMO_PJAN(1.0),23/07/25 23:00:00,Annual,Number,Total,Males,Serbia,2023,3229478,b,
ESTAT:DEMO_PJAN(1.0),23/07/25 23:00:00,Annual,Number,Total,Males,Serbia,2024,3212372,,
ESTAT:DEMO_PJAN(1.0),23/07/25 23:00:00,Annual,Number,Total,Males,Russia,2014,66546888,,
ESTAT:DEMO_PJAN(1.0),23/07/25 23:00:00,Annual,Number,Total,Males,Sweden,2014,4814357,,
ESTAT:DEMO_PJAN(1.0),23/07/25 23:00:00,Annual,Number,Total,Males,Sweden,2015,4872240,,
ESTAT:DEMO_PJAN(1.0),23/07/25 23:00:00,Annual,Number,Total,Males,Sweden,2016,4930966,,
ESTAT:DEMO_PJAN(1.0),23/07/25 23:00:00,Annual,Number,Total,Males,Sweden,2017,5013347,,
ESTAT:DEMO_PJAN(1.0),23/07/25 23:00:00,Annual,Number,Total,Males,Sweden,2018,5082662,,
ESTAT:DEMO_PJAN(1.0),23/07/25 23:00:00,Annual,Number,Total,Males,Sweden,2019,5142438,,
ESTAT:DEMO_PJAN(1.0),23/07/25 23:00:00,Annual,Number,Total,Males,Sweden,2020,5195814,,
ESTAT:DEMO_PJAN(1.0),23/07/25 23:00:00,Annual,Number,Total,Males,Sweden,2021,5222847,,
ESTAT:DEMO_PJAN(1.0),23/07/25 23:00:00,Annual,Number,Total,Males,Sweden,2022,5260707,,
ESTAT:DEMO_PJAN(1.0),23/07/25 23:00:00,Annual,Number,Total,Males,Sweden,2023,5298324,,
ESTAT:DEMO_PJAN(1.0),23/07/25 23:00:00,Annual,Number,Total,Males,Sweden,2024,5312519,,
ESTAT:DEMO_PJAN(1.0),23/07/25 23:00:00,Annual,Number,Total,Males,Slovenia,2014,1020874,,
ESTAT:DEMO_PJAN(1.0),23/07/25 23:00:00,Annual,Number,Total,Males,Slovenia,2015,1022229,,
ESTAT:DEMO_PJAN(1.0),23/07/25 23:00:00,Annual,Number,Total,Males,Slovenia,2016,1023333,,
ESTAT:DEMO_PJAN(1.0),23/07/25 23:00:00,Annual,Number,Total,Males,Slovenia,2017,1025125,,
ESTAT:DEMO_PJAN(1.0),23/07/25 23:00:00,Annual,Number,Total,Males,Slovenia,2018,1027041,,
ESTAT:DEMO_PJAN(1.0),23/07/25 23:00:00,Annual,Number,Total,Males,Slovenia,2019,1038656,,
ESTAT:DEMO_PJAN(1.0),23/07/25 23:00:00,Annual,Number,Total,Males,Slovenia,2020,1051066,,
ESTAT:DEMO_PJAN(1.0),23/07/25 23:00:00,Annual,Number,Total,Males,Slovenia,2021,1059938,,
ESTAT:DEMO_PJAN(1.0),23/07/25 23:00:00,Annual,Number,Total,Males,Slovenia,2022,1057695,,
ESTAT:DEMO_PJAN(1.0),23/07/25 23:00:00,Annual,Number,Total,Males,Slovenia,2023,1063271,,
ESTAT:DEMO_PJAN(1.0),23/07/25 23:00:00,Annual,Number,Total,Males,Slovenia,2024,1068429,,
ESTAT:DEMO_PJAN(1.0),23/07/25 23:00:00,Annual,Number,Total,Males,Slovakia,2014,2639060,,
ESTAT:DEMO_PJAN(1.0),23/07/25 23:00:00,Annual,Number,Total,Males,Slovakia,2015,2642328,,
ESTAT:DEMO_PJAN(1.0),23/07/25 23:00:00,Annual,Number,Total,Males,Slovakia,2016,2646082,,
ESTAT:DEMO_PJAN(1.0),23/07/25 23:00:00,Annual,Number,Total,Males,Slovakia,2017,2651684,,
ESTAT:DEMO_PJAN(1.0),23/07/25 23:00:00,Annual,Number,Total,Males,Slovakia,2018,2656514,,
ESTAT:DEMO_PJAN(1.0),23/07/25 23:00:00,Annual,Number,Total,Males,Slovakia,2019,2661077,,
ESTAT:DEMO_PJAN(1.0),23/07/25 23:00:00,Annual,Number,Total,Males,Slovakia,2020,2665350,,
ESTAT:DEMO_PJAN(1.0),23/07/25 23:00:00,Annual,Number,Total,Males,Slovakia,2021,2666486,,
ESTAT:DEMO_PJAN(1.0),23/07/25 23:00:00,Annual,Number,Total,Males,Slovakia,2022,2657903,,
ESTAT:DEMO_PJAN(1.0),23/07/25 23:00:00,Annual,Number,Total,Males,Slovakia,2023,2655094,,
ESTAT:DEMO_PJAN(1.0),23/07/25 23:00:00,Annual,Number,Total,Males,Slovakia,2024,2653217,,
ESTAT:DEMO_PJAN(1.0),23/07/25 23:00:00,Annual,Number,Total,Males,San Marino,2018,16788,,
ESTAT:DEMO_PJAN(1.0),23/07/25 23:00:00,Annual,Number,Total,Males,Türkiye,2014,38473360,,
ESTAT:DEMO_PJAN(1.0),23/07/25 23:00:00,Annual,Number,Total,Males,Türkiye,2015,38984302,,
ESTAT:DEMO_PJAN(1.0),23/07/25 23:00:00,Annual,Number,Total,Males,Türkiye,2016,39511191,,
ESTAT:DEMO_PJAN(1.0),23/07/25 23:00:00,Annual,Number,Total,Males,Türkiye,2017,40043650,,
ESTAT:DEMO_PJAN(1.0),23/07/25 23:00:00,Annual,Number,Total,Males,Türkiye,2018,40535135,,
ESTAT:DEMO_PJAN(1.0),23/07/25 23:00:00,Annual,Number,Total,Males,Türkiye,2019,41139980,,
ESTAT:DEMO_PJAN(1.0),23/07/25 23:00:00,Annual,Number,Total,Males,Türkiye,2020,41721136,,
ESTAT:DEMO_PJAN(1.0),23/07/25 23:00:00,Annual,Number,Total,Males,Türkiye,2021,41915985,,
ESTAT:DEMO_PJAN(1.0),23/07/25 23:00:00,Annual,Number,Total,Males,Türkiye,2022,42428101,,
ESTAT:DEMO_PJAN(1.0),23/07/25 23:00:00,Annual,Number,Total,Males,Türkiye,2023,42704112,,
ESTAT:DEMO_PJAN(1.0),23/07/25 23:00:00,Annual,Number,Total,Males,Türkiye,2024,42734071,,
ESTAT:DEMO_PJAN(1.0),23/07/25 23:00:00,Annual,Number,Total,Males,Ukraine,2014,20918288,,
ESTAT:DEMO_PJAN(1.0),23/07/25 23:00:00,Annual,Number,Total,Males,Ukraine,2015,19787826,b,
ESTAT:DEMO_PJAN(1.0),23/07/25 23:00:00,Annual,Number,Total,Males,Ukraine,2016,19717881,,
ESTAT:DEMO_PJAN(1.0),23/07/25 23:00:00,Annual,Number,Total,Males,Ukraine,2017,19644580,,
ESTAT:DEMO_PJAN(1.0),23/07/25 23:00:00,Annual,Number,Total,Males,Ukraine,2018,19558180,,
ESTAT:DEMO_PJAN(1.0),23/07/25 23:00:00,Annual,Number,Total,Males,Ukraine,2019,19455272,,
ESTAT:DEMO_PJAN(1.0),23/07/25 23:00:00,Annual,Number,Total,Males,Ukraine,2020,19343440,,
ESTAT:DEMO_PJAN(1.0),23/07/25 23:00:00,Annual,Number,Total,Males,Ukraine,2021,19195376,,
ESTAT:DEMO_PJAN(1.0),23/07/25 23:00:00,Annual,Number,Total,Males,Ukraine,2022,19006979,,
ESTAT:DEMO_PJAN(1.0),23/07/25 23:00:00,Annual,Number,Total,Males,United Kingdom,2014,31663387,,
ESTAT:DEMO_PJAN(1.0),23/07/25 23:00:00,Annual,Number,Total,Males,United Kingdom,2015,31934099,,
ESTAT:DEMO_PJAN(1.0),23/07/25 23:00:00,Annual,Number,Total,Males,United Kingdom,2016,32226060,,
ESTAT:DEMO_PJAN(1.0),23/07/25 23:00:00,Annual,Number,Total,Males,United Kingdom,2017,32479738,,
ESTAT:DEMO_PJAN(1.0),23/07/25 23:00:00,Annual,Number,Total,Males,United Kingdom,2018,32709956,,
ESTAT:DEMO_PJAN(1.0),23/07/25 23:00:00,Annual,Number,Total,Males,United Kingdom,2019,32901036,,
ESTAT:DEMO_PJAN(1.0),23/07/25 23:00:00,Annual,Number,Total,Males,United Kingdom,2020,,p,
ESTAT:DEMO_PJAN(1.0),23/07/25 23:00:00,Annual,Number,Total,Males,Kosovo*,2016,883294,p,
ESTAT:DEMO_PJAN(1.0),23/07/25 23:00:00,Annual,Number,Total,Males,Kosovo*,2017,882228,,
ESTAT:DEMO_PJAN(1.0),23/07/25 23:00:00,Annual,Number,Total,Males,Kosovo*,2018,888151,,
ESTAT:DEMO_PJAN(1.0),23/07/25 23:00:00,Annual,Number,Total,Males,Kosovo*,2019,885413,,
ESTAT:DEMO_PJAN(1.0),23/07/25 23:00:00,Annual,Number,Total,Males,Kosovo*,2020,874881,,
ESTAT:DEMO_PJAN(1.0),23/07/25 23:00:00,Annual,Number,Total,Males,Kosovo*,2021,884745,,
ESTAT:DEMO_PJAN(1.0),23/07/25 23:00:00,Annual,Number,Total,Males,Kosovo*,2022,870427,,
